Timestamp(ns),GameTime,ObjectName,HitPosition
11318728300,11.365310,RoomWall_2 (81),(-7.8444, 2.1833, 7.4865)
11328560200,11.377270,RoomWall_2 (81),(-7.8444, 2.2037, 7.4741)
11342650300,11.391010,RoomWall_2 (81),(-7.8444, 2.1776, 7.4579)
11356479700,11.404910,RoomWall_2 (81),(-7.8444, 2.1557, 7.4389)
11370241000,11.418920,RoomWall_2 (81),(-7.8444, 2.1176, 7.4171)
11384556100,11.432910,RoomWall_2 (81),(-7.8444, 2.0820, 7.3954)
11397964700,11.446350,RoomWall_2 (81),(-7.8444, 2.0375, 7.3742)
11412037000,11.460440,RoomWall_2 (81),(-7.8444, 2.0027, 7.3548)
11425801300,11.474500,RoomWall_2 (81),(-7.8444, 1.9667, 7.3378)
11439818900,11.488220,RoomWall_2 (81),(-7.8444, 1.9468, 7.3216)
11453687500,11.502070,RoomWall_2 (81),(-7.8444, 1.9373, 7.3056)
11467363200,11.516100,RoomWall_2 (81),(-7.8444, 1.9412, 7.2945)
11481722900,11.530070,RoomWall_2 (81),(-7.8444, 1.9448, 7.2819)
11495642400,11.544040,RoomWall_2 (81),(-7.8444, 1.9550, 7.2707)
11509074400,11.557750,RoomWall_2 (81),(-7.8444, 1.9565, 7.2597)
11525994100,11.574360,RoomWall_2 (81),(-7.8444, 1.9507, 7.2486)
11537715500,11.586110,RoomWall_2 (81),(-7.8444, 1.9366, 7.2363)
11550953600,11.599650,RoomWall_2 (81),(-7.8444, 1.9170, 7.2229)
11564970000,11.613350,RoomWall_2 (81),(-7.8444, 1.8929, 7.2112)
11578877100,11.627310,RoomWall_2 (81),(-7.8444, 1.8705, 7.1999)
11593352100,11.641740,RoomWall_2 (81),(-7.8444, 1.8505, 7.1883)
11606918400,11.655620,RoomWall_2 (81),(-7.8444, 1.8502, 7.1788)
11621354200,11.669670,RoomWall_2 (81),(-7.8444, 1.8597, 7.1670)
11635176800,11.683580,RoomWall_2 (81),(-7.8444, 1.8693, 7.1543)
11648666500,11.697360,RoomWall_2 (81),(-7.8444, 1.8883, 7.1348)
11662700600,11.711090,RoomWall_2 (81),(-7.8444, 1.8982, 7.1119)
11676600800,11.725010,RoomWall_2 (81),(-7.8444, 1.8978, 7.0848)
11690099700,11.738840,RoomWall_2 (81),(-7.8444, 1.8886, 7.0552)
11704385100,11.752740,RoomWall_2 (81),(-7.8444, 1.8645, 7.0152)
11718298200,11.766700,RoomWall_2 (81),(-7.8444, 1.8303, 6.9706)
11734793200,11.783160,RoomWall_2 (81),(-7.8444, 1.7905, 6.9250)
11745781800,11.794520,RoomWall_2 (81),(-7.8444, 1.7535, 6.8756)
11759856000,11.808260,RoomWall_2 (81),(-7.8444, 1.7149, 6.8230)
11773767100,11.822190,RoomWall_2 (81),(-7.8444, 1.6783, 6.7707)
11787502400,11.836220,RoomWall_2 (81),(-7.8444, 1.6376, 6.7164)
11801798000,11.850160,RoomWall_2 (81),(-7.8444, 1.6013, 6.6692)
11815715100,11.864100,RoomWall_2 (81),(-7.8444, 1.5743, 6.6245)
11829166100,11.877890,RoomWall_2 (81),(-7.8444, 1.5592, 6.5840)
11843903000,11.892140,Receptionist,(-5.2429, 1.5848, 6.5565)
11857283500,11.905700,Receptionist,(-5.1898, 1.5947, 6.5364)
11871080800,11.919800,Receptionist,(-5.1729, 1.6058, 6.5232)
11885348100,11.933720,Receptionist,(-5.1564, 1.6143, 6.5089)
11899033200,11.947440,Receptionist,(-5.1644, 1.6332, 6.5026)
11913362900,11.961740,Receptionist,(-5.1608, 1.6447, 6.4919)
11926811700,11.975520,Receptionist,(-5.1647, 1.6568, 6.4848)
11943589700,11.991910,Receptionist,(-5.1624, 1.6646, 6.4760)
11954755700,12.003180,Receptionist,(-5.1575, 1.6696, 6.4672)
11968436700,12.017170,Receptionist,(-5.1473, 1.6709, 6.4567)
11982854200,12.031240,Receptionist,(-5.1337, 1.6675, 6.4467)
11997115600,12.045440,Receptionist,(-5.1169, 1.6594, 6.4358)
12010497800,12.059210,Receptionist,(-5.1030, 1.6519, 6.4249)
12024725900,12.073140,Receptionist,(-5.0908, 1.6447, 6.4132)
12038540900,12.086860,Receptionist,(-5.0812, 1.6389, 6.4021)
12052447600,12.100830,Receptionist,(-5.0715, 1.6317, 6.3897)
12066230800,12.114930,Receptionist,(-5.0627, 1.6245, 6.3762)
12080716900,12.129050,Receptionist,(-5.0521, 1.6112, 6.3618)
12094210000,12.142580,Receptionist,(-5.0430, 1.5963, 6.3476)
12107614200,12.156330,Receptionist,(-5.0351, 1.5787, 6.3348)
12122347500,12.170620,Receptionist,(-5.0270, 1.5505, 6.3205)
12136020000,12.184390,Receptionist,(-5.0231, 1.5254, 6.3067)
12152413400,12.200810,Receptionist,(-5.0223, 1.4964, 6.2919)
12163419200,12.212140,Receptionist,(-5.0233, 1.4666, 6.2786)
12177546900,12.225960,Receptionist,(-5.0252, 1.4334, 6.2636)
12191183900,12.239930,Receptionist,(-5.0275, 1.3922, 6.2507)
12205352100,12.253730,Receptionist,(-5.0306, 1.3480, 6.2375)
12219239300,12.267650,Receptionist,(-5.0354, 1.2995, 6.2211)
12233224100,12.281600,Receptionist,(-5.0428, 1.2472, 6.2013)
12247091800,12.295800,Receptionist,(-5.0542, 1.1953, 6.1773)
12261296100,12.309530,ovr_calib,(-4.6704, 1.1931, 6.1961)
12275240400,12.323630,ovr_calib,(-4.6691, 1.1485, 6.1703)
12288712300,12.337430,ovr_calib,(-4.6677, 1.1064, 6.1441)
12303037300,12.351440,ovr_calib,(-4.6662, 1.0670, 6.1151)
12316858700,12.365240,ovr_calib,(-4.6646, 1.0283, 6.0840)
12330696400,12.379280,Chair (65),(-6.7310, 0.5928, 5.7186)
12344885900,12.393260,Chair (65),(-6.7294, 0.5343, 5.6586)
12361310200,12.409660,Chair (65),(-6.7276, 0.4875, 5.5919)
12372821900,12.421100,RoomWall_2 (81),(-7.8444, 0.2008, 5.3052)
12386073400,12.434790,RoomWall_2 (81),(-7.8444, 0.1634, 5.2194)
12401048900,12.449280,Clipboard_1,(-4.5679, 0.8926, 5.8640)
12414304900,12.462740,Clipboard_1,(-4.5158, 0.8935, 5.8293)
12427954200,12.476680,Clipboard_1,(-4.4682, 0.8938, 5.7884)
12442573800,12.490930,Clipboard_1,(-4.4394, 0.8903, 5.7370)
12456117000,12.504490,Clipboard_1,(-4.4220, 0.8832, 5.6711)
12469915200,12.518520,ReceptionDesk (1),(-4.3869, 0.8781, 5.6087)
12484179400,12.532580,ReceptionDesk (1),(-4.3462, 0.8745, 5.5513)
12497838700,12.546240,ReceptionDesk (1),(-4.3462, 0.8655, 5.4695)
12511886200,12.560230,ReceptionDesk (1),(-4.3462, 0.8581, 5.3816)
12525462000,12.574170,ReceptionDesk (1),(-4.3462, 0.8508, 5.2934)
12540039200,12.588330,ReceptionDesk (1),(-4.3462, 0.8490, 5.2038)
12553155700,12.601560,ReceptionDesk (1),(-4.3462, 0.8488, 5.1181)
12569701800,12.618400,ReceptionDesk (1),(-4.3462, 0.8484, 5.0390)
12581088500,12.629420,ReceptionDesk (1),(-4.3462, 0.8549, 4.9623)
12595131000,12.643520,ReceptionDesk (1),(-4.3462, 0.8637, 4.8931)
12608722200,12.657320,RoomWall_2 (81),(-7.8444, -0.0303, 2.6815)
12622726700,12.671100,RoomWall_2 (81),(-7.8444, -0.0052, 2.5493)
12636668700,12.685080,RoomWall_2 (81),(-7.8444, 0.0342, 2.4371)
12650208400,12.698800,Colon_2,(-7.7566, 0.0984, 2.3928)
12664519200,12.712880,Colon_2,(-7.6215, 0.1681, 2.3928)
12678354300,12.726740,Colon_2,(-7.5144, 0.2289, 2.3928)
12692232600,12.740650,Colon_2,(-7.4831, 0.2612, 2.3471)
12706054300,12.754770,Colon_2,(-7.4831, 0.2770, 2.2812)
12719936600,12.768350,Colon_2,(-7.4831, 0.2831, 2.2209)
12734096400,12.782460,Colon_2,(-7.4831, 0.2860, 2.1537)
12747679700,12.796410,Colon_2,(-7.4831, 0.2885, 2.0937)
12762006600,12.810270,Colon_2,(-7.4831, 0.2939, 2.0362)
12779086400,12.827300,RoomWall_2 (18),(-7.9318, 0.1979, 1.6407)
12789507400,12.838200,RoomWall_2 (18),(-7.9318, 0.2012, 1.5998)
12803621900,12.852030,RoomWall_2 (18),(-7.9318, 0.2080, 1.5593)
12817310300,12.865690,RoomWall_2 (18),(-7.9318, 0.2225, 1.5317)
12830929700,12.879650,RoomWall_2 (18),(-7.9318, 0.2362, 1.4962)
12845691900,12.894050,RoomWall_2 (18),(-7.9318, 0.2600, 1.4637)
12859102200,12.907500,RoomWall_2 (18),(-7.9318, 0.2838, 1.4253)
12873094400,12.921430,RoomWall_2 (18),(-7.9318, 0.3138, 1.3800)
12887350800,12.935890,Plant2 (2),(-7.2515, 0.4797, 1.8970)
12900832100,12.949130,Plant2 (2),(-7.2092, 0.5241, 1.8970)
12915150100,12.963530,Plant2 (2),(-7.1847, 0.5660, 1.8970)
12928311600,12.977030,Plant2 (2),(-7.1648, 0.5992, 1.8970)
12942642500,12.991020,Plant2 (2),(-7.1420, 0.6251, 1.8970)
12956531100,13.004940,Plant2 (2),(-7.0975, 0.6567, 1.8970)
12970397900,13.019000,RoomWall_2 (18),(-7.9318, 0.5634, 1.1313)
12987287700,13.035650,RoomWall_2 (18),(-7.9318, 0.6214, 1.1014)
12998456400,13.046840,RoomWall_2 (18),(-7.9318, 0.6791, 1.0579)
13012168300,13.060570,RoomWall_2 (18),(-7.9318, 0.7245, 0.9817)
13026009700,13.074610,RoomTwoSideDoorway_2,(-7.9260, 0.7793, 0.9043)
13040037600,13.088420,RoomTwoSideDoorway_2,(-7.8812, 0.8491, 0.8685)
13054361500,13.102720,RoomTwoSideDoorway_2,(-7.8812, 0.9279, 0.7941)
13067828000,13.116500,RoomTwoSideDoorway_2,(-7.8812, 1.0046, 0.6817)
13081989900,13.130310,RoomTwoSideDoorway_2,(-7.8812, 1.0756, 0.5460)
13095820400,13.144200,RoomTwoSideDoorway_2,(-7.8812, 1.1331, 0.3850)
13109209400,13.157930,RoomTwoSideDoorway_2,(-7.8812, 1.1723, 0.1736)
13123568600,13.171950,RoomTwoSideDoorway_2,(-7.8812, 1.2076, -0.1008)
13137450600,13.185850,RoomTwoSideDoorway_2,(-7.8812, 1.2331, -0.4206)
13151099000,13.199830,RoomTwoSideDoorway_2,(-7.8812, 1.2611, -0.7328)
13165563100,13.213950,RoomTwoSideDoorway_2,(-7.8812, 1.2793, -1.1116)
13179423500,13.227780,RoomTwoSideDoorway_2,(-7.8812, 1.3036, -1.4771)
13318460700,13.366760,RoomWall_2 (3),(-6.5493, 1.6190, -2.4438)
13332322200,13.380740,RoomWall_2 (3),(-6.4720, 1.6161, -2.4438)
13345869300,13.394600,RoomWall_2 (3),(-6.4165, 1.5876, -2.4438)
13360039800,13.408490,RoomWall_2 (3),(-6.3833, 1.5569, -2.4438)
13374067200,13.422490,RoomWall_2 (3),(-6.3854, 1.5125, -2.4438)
13387676900,13.436420,RoomWall_2 (3),(-6.4453, 1.4616, -2.4438)
13405049400,13.453370,RoomWall_2 (3),(-6.4882, 1.4287, -2.4438)
13416088300,13.464500,RoomWall_2 (3),(-6.5743, 1.4040, -2.4438)
13527489900,13.576080,RoomTwoSideDoorway_2,(-7.8812, 1.1962, -1.7223)
13541165600,13.589580,RoomTwoSideDoorway_2,(-7.8812, 1.1653, -1.1793)
13555159600,13.603560,RoomTwoSideDoorway_2,(-7.8812, 1.1416, -0.6176)
13568679700,13.617410,RoomTwoSideDoorway_2,(-7.8812, 1.1287, -0.0947)
13583158600,13.631560,RoomTwoSideDoorway_2,(-7.8812, 1.1308, 0.3976)
13596892700,13.645290,RoomTwoSideDoorway_2,(-7.8812, 1.1420, 0.8916)
13614050900,13.662300,RoomWall_2 (18),(-7.9318, 1.1484, 1.2889)
13624842200,13.673440,Colon_2,(-7.4831, 1.1894, 2.0885)
13638787000,13.687110,Colon_2,(-7.5679, 1.1802, 2.3928)
13653273000,13.701420,RoomWall_2 (81),(-7.8444, 1.1583, 2.5569)
13666259200,13.714970,RoomWall_2 (81),(-7.8444, 1.1547, 2.8936)
13680551900,13.728900,RoomWall_2 (81),(-7.8444, 1.1396, 3.2246)
13694401600,13.742730,RoomWall_2 (81),(-7.8444, 1.1225, 3.5264)
13707824900,13.756530,RoomWall_2 (81),(-7.8444, 1.0951, 3.7916)
13722322300,13.770690,RoomWall_2 (81),(-7.8444, 1.0399, 4.0495)
13736049800,13.784450,RoomWall_2 (81),(-7.8444, 1.0407, 4.2877)
13749799800,13.798400,Display (4),(-6.3731, 1.1882, 5.0179)
13764274500,13.812560,Display (4),(-6.7712, 1.1510, 5.0706)
13777998900,13.826230,RoomWall_2 (81),(-7.8444, 1.0505, 4.9519)
13791724800,13.840100,RoomWall_2 (81),(-7.8444, 1.0482, 5.1459)
13805428900,13.854160,RoomWall_2 (81),(-7.8444, 1.0607, 5.3159)
13822399100,13.870710,RoomWall_2 (81),(-7.8444, 1.0944, 5.4521)
13833612100,13.881970,RoomWall_2 (81),(-7.8444, 1.1298, 5.5995)
13847319700,13.895830,Receptionist,(-5.1909, 1.3939, 6.0551)
13861679700,13.909780,Receptionist,(-5.0945, 1.4351, 6.1212)
13875249400,13.923520,Receptionist,(-5.0537, 1.4637, 6.1782)
13888878400,13.937520,Receptionist,(-5.0318, 1.4781, 6.2329)
13903317800,13.951570,Receptionist,(-5.0233, 1.4824, 6.2787)
13917001600,13.965320,Receptionist,(-5.0223, 1.4759, 6.3188)
13930566900,13.979200,Receptionist,(-5.0265, 1.4568, 6.3541)
13945065500,13.993370,Receptionist,(-5.0339, 1.4327, 6.3843)
13958947300,14.007170,Receptionist,(-5.0425, 1.4059, 6.4082)
13972760900,14.021100,Receptionist,(-5.0507, 1.3801, 6.4261)
13986621200,14.035270,Receptionist,(-5.0586, 1.3635, 6.4408)
14000701600,14.049070,Receptionist,(-5.0677, 1.3572, 6.4552)
14014412400,14.062730,Receptionist,(-5.0734, 1.3592, 6.4635)
14031300300,14.079940,Receptionist,(-5.0811, 1.3690, 6.4735)
14042525900,14.090770,Receptionist,(-5.0865, 1.3814, 6.4800)
14056254700,14.104530,Receptionist,(-5.0913, 1.3947, 6.4855)
14069718700,14.118370,Receptionist,(-5.0943, 1.4064, 6.4887)
14084025800,14.132350,Receptionist,(-5.0939, 1.4223, 6.4883)
14097813500,14.146090,Receptionist,(-5.0920, 1.4409, 6.4862)
14111318500,14.159970,Receptionist,(-5.0915, 1.4575, 6.4857)
14125697900,14.173970,Receptionist,(-5.0919, 1.4720, 6.4861)
14139615900,14.187930,Receptionist,(-5.0897, 1.4883, 6.4837)
14153481400,14.201800,Receptionist,(-5.0879, 1.5011, 6.4816)
14167140000,14.215790,Receptionist,(-5.0858, 1.5107, 6.4789)
14181414600,14.229700,Receptionist,(-5.0829, 1.5170, 6.4749)
14195563900,14.243870,Receptionist,(-5.0805, 1.5224, 6.4714)
14209006700,14.257650,Receptionist,(-5.0769, 1.5219, 6.4668)
14223112100,14.271440,Receptionist,(-5.0709, 1.5130, 6.4594)
14240293300,14.288560,Receptionist,(-5.0657, 1.5032, 6.4521)
14250646000,14.299300,Receptionist,(-5.0596, 1.4875, 6.4425)
14265214600,14.313420,Receptionist,(-5.0539, 1.4710, 6.4323)
14279233900,14.327510,Receptionist,(-5.0484, 1.4577, 6.4215)
14292936500,14.341210,Receptionist,(-5.0449, 1.4492, 6.4139)
14306374600,14.355010,Receptionist,(-5.0412, 1.4423, 6.4049)
14320636800,14.368930,Receptionist,(-5.0379, 1.4317, 6.3964)
14334456500,14.382700,Receptionist,(-5.0338, 1.4090, 6.3840)
14347945300,14.396590,Receptionist,(-5.0288, 1.3771, 6.3656)
14362197000,14.410430,Receptionist,(-5.0262, 1.3651, 6.3525)
14376140900,14.424470,Receptionist,(-5.0240, 1.3579, 6.3383)
14389878400,14.438510,Receptionist,(-5.0233, 1.3266, 6.3320)
14404303400,14.452570,Receptionist,(-5.0231, 1.3339, 6.3294)
14417879800,14.466200,Receptionist,(-5.0227, 1.3566, 6.3247)
14432180400,14.480370,Receptionist,(-5.0227, 1.3848, 6.3245)
14448425000,14.497070,Receptionist,(-5.0223, 1.4045, 6.3183)
14459711700,14.508020,Receptionist,(-5.0224, 1.4077, 6.3199)
14473701700,14.521990,Receptionist,(-5.0220, 1.4032, 6.3055)
14487239500,14.535860,Receptionist,(-5.0223, 1.3849, 6.2916)
14502336800,14.550550,Receptionist,(-5.0236, 1.3721, 6.2757)
14515612600,14.563900,Receptionist,(-5.0246, 1.3533, 6.2677)
14529486800,14.578130,Receptionist,(-5.0258, 1.3462, 6.2597)
14543736800,14.592000,Receptionist,(-5.0259, 1.3484, 6.2592)
14557767400,14.606070,Receptionist,(-5.0278, 1.3506, 6.2494)
14571192900,14.619820,Receptionist,(-5.0283, 1.3573, 6.2470)
14585476600,14.633730,Receptionist,(-5.0301, 1.3573, 6.2393)
14599394300,14.647650,Receptionist,(-5.0304, 1.3640, 6.2381)
14613259600,14.661550,Receptionist,(-5.0320, 1.3653, 6.2323)
14626970900,14.675580,Receptionist,(-5.0340, 1.3682, 6.2256)
14641201000,14.689320,Receptionist,(-5.0357, 1.3748, 6.2204)
14658787700,14.707030,Receptionist,(-5.0363, 1.3861, 6.2183)
14668818200,14.717410,Receptionist,(-5.0362, 1.3984, 6.2188)
14683022100,14.731260,Receptionist,(-5.0357, 1.4102, 6.2203)
14696887100,14.745190,Receptionist,(-5.0322, 1.4244, 6.2314)
14710262900,14.758890,Receptionist,(-5.0309, 1.4326, 6.2363)
14724618000,14.772800,Receptionist,(-5.0294, 1.4413, 6.2422)
14738453800,14.786800,Receptionist,(-5.0293, 1.4520, 6.2425)
14752504500,14.800800,Receptionist,(-5.0298, 1.4653, 6.2408)
14765971300,14.814590,Receptionist,(-5.0301, 1.4760, 6.2393)
14780075800,14.828390,Receptionist,(-5.0300, 1.4837, 6.2398)
14794008000,14.842190,Receptionist,(-5.0284, 1.4854, 6.2467)
14807690000,14.856330,Receptionist,(-5.0267, 1.4867, 6.2546)
14822140300,14.870300,Receptionist,(-5.0253, 1.4883, 6.2628)
14836000300,14.884210,Receptionist,(-5.0244, 1.4921, 6.2687)
14849535800,14.898180,Receptionist,(-5.0236, 1.4962, 6.2755)
14867037100,14.915240,Receptionist,(-5.0230, 1.5003, 6.2814)
14877894700,14.926220,Receptionist,(-5.0227, 1.5024, 6.2853)
14891104100,14.939730,Receptionist,(-5.0226, 1.5042, 6.2874)
14905444400,14.953700,Receptionist,(-5.0225, 1.5035, 6.2879)
14922051500,14.970280,Receptionist,(-5.0225, 1.5070, 6.2885)
14933247000,14.981510,Receptionist,(-5.0229, 1.5164, 6.2888)
14946951500,14.995580,Receptionist,(-5.0235, 1.5232, 6.2870)
14961211500,15.009420,Receptionist,(-5.0238, 1.5253, 6.2851)
14974389800,15.022700,Receptionist,(-5.0240, 1.5267, 6.2848)
14988284500,15.036940,Receptionist,(-5.0244, 1.5324, 6.2871)
15002253300,15.050500,Receptionist,(-5.0262, 1.5458, 6.2895)
15016197100,15.064450,Receptionist,(-5.0292, 1.5609, 6.2892)
15029702000,15.078370,Receptionist,(-5.0318, 1.5713, 6.2887)
15044601800,15.092830,Receptionist,(-5.0343, 1.5799, 6.2884)
15058101000,15.106340,Receptionist,(-5.0350, 1.5807, 6.2828)
15074911500,15.123210,Receptionist,(-5.0342, 1.5784, 6.2828)
15085322600,15.134000,Receptionist,(-5.0335, 1.5768, 6.2859)
15099468800,15.147800,Receptionist,(-5.0330, 1.5764, 6.2923)
15113416000,15.161720,Receptionist,(-5.0328, 1.5766, 6.3022)
15126961800,15.175620,Receptionist,(-5.0335, 1.5789, 6.3080)
15141154100,15.189410,Receptionist,(-5.0356, 1.5852, 6.3130)
15155228000,15.203550,Receptionist,(-5.0390, 1.5940, 6.3215)
15168812300,15.217470,Receptionist,(-5.0452, 1.6092, 6.3223)
15183053700,15.231310,Receptionist,(-5.0495, 1.6169, 6.3312)
15197614000,15.245800,Receptionist,(-5.0524, 1.6221, 6.3340)
15210592100,15.259240,Receptionist,(-5.0536, 1.6228, 6.3405)
15224689900,15.273000,Receptionist,(-5.0544, 1.6218, 6.3483)
15238614900,15.286930,Receptionist,(-5.0535, 1.6159, 6.3584)
15252540900,15.300910,Receptionist,(-5.0514, 1.6057, 6.3686)
15266117800,15.314790,Receptionist,(-5.0488, 1.5943, 6.3761)
15283690800,15.331950,Receptionist,(-5.0473, 1.5848, 6.3826)
15294451400,15.342760,Receptionist,(-5.0475, 1.5789, 6.3890)
15308384700,15.356690,Receptionist,(-5.0504, 1.5794, 6.3965)
15322161600,15.370400,Receptionist,(-5.0549, 1.5844, 6.4037)
15336017400,15.384330,Receptionist,(-5.0632, 1.5976, 6.4109)
15349639300,15.398290,Receptionist,(-5.0717, 1.6097, 6.4170)
15364039500,15.412320,Receptionist,(-5.0820, 1.6232, 6.4226)
15378166300,15.426470,Receptionist,(-5.0901, 1.6327, 6.4265)
15391821200,15.440080,Receptionist,(-5.0920, 1.6344, 6.4279)
15405887100,15.454500,Receptionist,(-5.0862, 1.6261, 6.4270)
15420096000,15.468400,Receptionist,(-5.0755, 1.6097, 6.4242)
15433498300,15.481770,Receptionist,(-5.0681, 1.5952, 6.4228)
15447093600,15.495740,Receptionist,(-5.0528, 1.5597, 6.4158)
15461375100,15.509680,Receptionist,(-5.0449, 1.5297, 6.4100)
15475760500,15.524050,Receptionist,(-5.0410, 1.5060, 6.4043)
15492510000,15.540810,Receptionist,(-5.0383, 1.4909, 6.3974)
15503030300,15.551660,Receptionist,(-5.0355, 1.4861, 6.3893)
15517511300,15.565790,Receptionist,(-5.0334, 1.4814, 6.3827)
15531007300,15.579670,Receptionist,(-5.0298, 1.5085, 6.3689)
15545734700,15.593940,Receptionist,(-5.0293, 1.5295, 6.3608)
15559381800,15.607640,Receptionist,(-5.0307, 1.5483, 6.3538)
15573128600,15.621450,Receptionist,(-5.0325, 1.5625, 6.3477)
15586776500,15.635390,Receptionist,(-5.0336, 1.5695, 6.3432)
15601040500,15.649340,Receptionist,(-5.0332, 1.5710, 6.3371)
15614888800,15.663210,Receptionist,(-5.0321, 1.5694, 6.3318)
15628730000,15.677340,Receptionist,(-5.0307, 1.5660, 6.3259)
15642844500,15.691100,Receptionist,(-5.0289, 1.5593, 6.3221)
15656690800,15.705000,Receptionist,(-5.0270, 1.5507, 6.3198)
15669908800,15.718560,Receptionist,(-5.0256, 1.5427, 6.3194)
15684186500,15.732490,Receptionist,(-5.0249, 1.5381, 6.3193)
15701762100,15.750040,Receptionist,(-5.0251, 1.5396, 6.3188)
15711990600,15.760300,Receptionist,(-5.0260, 1.5457, 6.3175)
15725396700,15.774040,Receptionist,(-5.0286, 1.5594, 6.3162)
15739755900,15.788060,Receptionist,(-5.0328, 1.5762, 6.3126)
15753655500,15.801920,Receptionist,(-5.0370, 1.5897, 6.3070)
15767277200,15.815940,Receptionist,(-5.0397, 1.5971, 6.3031)
15781401000,15.829710,Receptionist,(-5.0412, 1.6009, 6.2989)
15795425100,15.843700,Receptionist,(-5.0403, 1.5988, 6.3022)
15808974400,15.857640,Receptionist,(-5.0381, 1.5928, 6.3020)
15823775700,15.872050,Receptionist,(-5.0354, 1.5850, 6.3069)
15837144400,15.885440,Receptionist,(-5.0331, 1.5777, 6.3099)
15851773200,15.900010,Receptionist,(-5.0304, 1.5673, 6.3140)
15865378900,15.913990,Receptionist,(-5.0281, 1.5572, 6.3169)
15879381800,15.927680,Receptionist,(-5.0259, 1.5450, 6.3192)
15893232600,15.941530,Receptionist,(-5.0247, 1.5358, 6.3219)
15910260300,15.958900,Receptionist,(-5.0245, 1.5318, 6.3254)
15920742600,15.969030,Receptionist,(-5.0247, 1.5310, 6.3287)
15934535600,15.982900,Receptionist,(-5.0253, 1.5349, 6.3308)
15948232800,15.996890,Receptionist,(-5.0262, 1.5403, 6.3321)
15962388100,16.010660,Receptionist,(-5.0286, 1.5544, 6.3308)
15976759000,16.024980,Receptionist,(-5.0310, 1.5654, 6.3303)
15989965100,16.038630,Receptionist,(-5.0329, 1.5725, 6.3306)
16004501900,16.052770,Receptionist,(-5.0341, 1.5763, 6.3323)
16018013600,16.066340,Receptionist,(-5.0344, 1.5765, 6.3345)
16032064600,16.080420,Receptionist,(-5.0338, 1.5731, 6.3372)
16045993700,16.094640,Receptionist,(-5.0331, 1.5698, 6.3391)
16059685900,16.107990,Receptionist,(-5.0325, 1.5661, 6.3417)
16073664700,16.122010,Receptionist,(-5.0320, 1.5630, 6.3433)
16087232600,16.135910,Receptionist,(-5.0314, 1.5601, 6.3440)
16101670200,16.149920,Receptionist,(-5.0308, 1.5570, 6.3444)
16118753300,16.167090,Receptionist,(-5.0301, 1.5529, 6.3453)
16129390000,16.178030,Receptionist,(-5.0296, 1.5490, 6.3470)
16143551300,16.191880,Receptionist,(-5.0292, 1.5446, 6.3493)
16157193800,16.205460,Receptionist,(-5.0290, 1.5405, 6.3517)
16170827000,16.219450,Receptionist,(-5.0287, 1.5358, 6.3535)
16185305700,16.233650,Receptionist,(-5.0284, 1.5307, 6.3553)
16198878100,16.247220,Receptionist,(-5.0281, 1.5260, 6.3563)
16212887800,16.261230,Receptionist,(-5.0278, 1.5210, 6.3571)
16226619000,16.275270,Receptionist,(-5.0277, 1.5175, 6.3577)
16241042400,16.289210,Receptionist,(-5.0277, 1.5166, 6.3580)
16254677500,16.303020,Receptionist,(-5.0278, 1.5168, 6.3583)
16268442000,16.317090,Receptionist,(-5.0279, 1.5206, 6.3578)
16282577900,16.330840,Receptionist,(-5.0281, 1.5252, 6.3569)
16296417100,16.344760,Receptionist,(-5.0286, 1.5311, 6.3561)
16310175600,16.358830,Receptionist,(-5.0293, 1.5378, 6.3552)
16327846700,16.376070,Receptionist,(-5.0297, 1.5424, 6.3540)
16338525700,16.386800,Receptionist,(-5.0309, 1.5461, 6.3523)
16352362600,16.400630,Receptionist,(-5.0321, 1.5509, 6.3508)
16365887100,16.414520,Receptionist,(-5.0333, 1.5576, 6.3501)
16379753200,16.428090,Receptionist,(-5.0360, 1.5633, 6.3499)
16393594800,16.441920,Receptionist,(-5.0379, 1.5686, 6.3490)
16407403200,16.456050,Receptionist,(-5.0385, 1.5717, 6.3475)
16422143600,16.470370,Receptionist,(-5.0398, 1.5715, 6.3468)
16435476300,16.483840,Receptionist,(-5.0401, 1.5702, 6.3463)
16449128400,16.497790,Receptionist,(-5.0397, 1.5694, 6.3454)
16463475300,16.511780,Receptionist,(-5.0417, 1.5719, 6.3448)
16477297500,16.525590,Receptionist,(-5.0443, 1.5787, 6.3438)
16491106600,16.539780,Receptionist,(-5.0467, 1.5868, 6.3427)
16505260400,16.553550,Receptionist,(-5.0512, 1.5968, 6.3418)
16519032700,16.567360,Receptionist,(-5.0543, 1.6047, 6.3409)
16536584300,16.584830,Receptionist,(-5.0563, 1.6095, 6.3405)
16546842100,16.595530,Receptionist,(-5.0564, 1.6098, 6.3403)
16560838300,16.609120,Receptionist,(-5.0552, 1.6070, 6.3408)
16575210300,16.623490,Receptionist,(-5.0537, 1.6031, 6.3418)
16588984300,16.637590,Receptionist,(-5.0533, 1.6016, 6.3428)
16602627200,16.650940,Receptionist,(-5.0489, 1.5877, 6.3483)
16616575100,16.664820,Receptionist,(-5.0474, 1.5814, 6.3512)
16630369400,16.679030,Receptionist,(-5.0464, 1.5766, 6.3540)
16644785800,16.693070,Receptionist,(-5.0463, 1.5742, 6.3568)
16658282200,16.706550,Receptionist,(-5.0469, 1.5743, 6.3594)
16672332800,16.720620,Receptionist,(-5.0476, 1.5757, 6.3612)
16685965600,16.734600,Receptionist,(-5.0482, 1.5764, 6.3629)
16699990300,16.748300,Receptionist,(-5.0482, 1.5753, 6.3643)
16713923800,16.762240,Receptionist,(-5.0475, 1.5717, 6.3653)
16727595200,16.776240,Receptionist,(-5.0461, 1.5662, 6.3660)
16745509000,16.793780,Receptionist,(-5.0445, 1.5595, 6.3661)
16755823900,16.804150,Receptionist,(-5.0430, 1.5523, 6.3662)
16769382600,16.818040,Receptionist,(-5.0418, 1.5453, 6.3665)
16783652800,16.831950,Receptionist,(-5.0408, 1.5387, 6.3668)
16797596800,16.845930,Receptionist,(-5.0401, 1.5324, 6.3672)
16811258300,16.859840,Receptionist,(-5.0397, 1.5301, 6.3666)
16825764300,16.874060,Receptionist,(-5.0395, 1.5302, 6.3660)
16839587100,16.887840,Receptionist,(-5.0397, 1.5325, 6.3657)
16853345600,16.901660,Receptionist,(-5.0403, 1.5365, 6.3658)
16866855600,16.915530,Receptionist,(-5.0410, 1.5404, 6.3663)
16880943900,16.929270,Receptionist,(-5.0415, 1.5430, 6.3668)
16895021100,16.943350,Receptionist,(-5.0417, 1.5443, 6.3667)
16908653900,16.957330,Receptionist,(-5.0415, 1.5445, 6.3658)
16923481600,16.971590,Receptionist,(-5.0411, 1.5437, 6.3648)
16937031900,16.985340,Receptionist,(-5.0406, 1.5422, 6.3636)
16954314800,17.002600,Receptionist,(-5.0397, 1.5391, 6.3615)
16964394900,17.013050,Receptionist,(-5.0388, 1.5374, 6.3586)
16978814000,17.027120,Receptionist,(-5.0380, 1.5384, 6.3535)
16992465500,17.040810,Receptionist,(-5.0376, 1.5404, 6.3498)
17006091600,17.054760,Receptionist,(-5.0373, 1.5425, 6.3461)
17020243200,17.068570,Receptionist,(-5.0372, 1.5453, 6.3417)
17034349700,17.082680,Receptionist,(-5.0370, 1.5476, 6.3375)
17048317400,17.096930,Receptionist,(-5.0369, 1.5494, 6.3341)
17062093300,17.110440,Receptionist,(-5.0369, 1.5515, 6.3294)
17076095700,17.124410,Receptionist,(-5.0369, 1.5530, 6.3259)
17089913500,17.138590,Receptionist,(-5.0369, 1.5543, 6.3226)
17104050700,17.152380,Receptionist,(-5.0370, 1.5559, 6.3190)
17118064700,17.166380,Receptionist,(-5.0369, 1.5562, 6.3154)
17132088100,17.180410,Receptionist,(-5.0367, 1.5559, 6.3122)
17145792600,17.194450,Receptionist,(-5.0362, 1.5537, 6.3091)
17163074900,17.211350,Receptionist,(-5.0356, 1.5505, 6.3064)
17173666300,17.221990,Receptionist,(-5.0346, 1.5447, 6.3045)
17187301800,17.235940,Receptionist,(-5.0336, 1.5379, 6.3027)
17201566400,17.249860,Receptionist,(-5.0327, 1.5310, 6.3008)
17215506400,17.263840,Receptionist,(-5.0319, 1.5220, 6.2994)
17229268400,17.277930,Receptionist,(-5.0314, 1.5138, 6.2974)
17243432400,17.291770,Receptionist,(-5.0312, 1.5059, 6.2956)
17257170800,17.305520,Receptionist,(-5.0313, 1.4965, 6.2933)
17270876300,17.319550,Receptionist,(-5.0314, 1.4858, 6.2918)
17285286600,17.333630,Receptionist,(-5.0315, 1.4741, 6.2900)
17299033500,17.347350,Receptionist,(-5.0315, 1.4616, 6.2886)
17313056400,17.361360,Receptionist,(-5.0317, 1.4468, 6.2870)
17326540300,17.375200,Receptionist,(-5.0318, 1.4321, 6.2854)
17340776900,17.389110,Receptionist,(-5.0319, 1.4169, 6.2840)
17354579600,17.402920,Receptionist,(-5.0320, 1.4025, 6.2823)
17372449500,17.420750,Receptionist,(-5.0322, 1.3897, 6.2808)
17382466200,17.431080,Receptionist,(-5.0323, 1.3808, 6.2788)
17396561700,17.444900,Receptionist,(-5.0326, 1.3755, 6.2763)
17410132200,17.458800,Receptionist,(-5.0329, 1.3721, 6.2736)
17424390500,17.472710,Receptionist,(-5.0335, 1.3759, 6.2690)
17438423400,17.486760,Receptionist,(-5.0342, 1.3787, 6.2644)
17452156500,17.500490,Receptionist,(-5.0351, 1.3849, 6.2589)
17465767200,17.514430,Receptionist,(-5.0361, 1.3886, 6.2536)
17480210700,17.528550,Receptionist,(-5.0374, 1.3941, 6.2473)
17493993400,17.542230,Receptionist,(-5.0389, 1.3983, 6.2405)
17507981300,17.556630,Receptionist,(-5.0406, 1.4004, 6.2344)
17521742200,17.570010,Receptionist,(-5.0421, 1.4008, 6.2288)
17535836700,17.584140,Receptionist,(-5.0436, 1.3994, 6.2240)
17549434400,17.598090,Receptionist,(-5.0451, 1.3965, 6.2196)
17563608300,17.611920,Receptionist,(-5.0463, 1.3932, 6.2160)
17580971600,17.629280,Receptionist,(-5.0470, 1.3867, 6.2139)
17591246000,17.639910,Receptionist,(-5.0477, 1.3769, 6.2122)
17605600400,17.653890,Receptionist,(-5.0479, 1.3636, 6.2116)
17619349700,17.667600,Receptionist,(-5.0483, 1.3482, 6.2104)
17633391200,17.681640,Receptionist,(-5.0487, 1.3328, 6.2094)
17647005000,17.695640,Receptionist,(-5.0493, 1.3189, 6.2080)
17661192700,17.709460,Receptionist,(-5.0498, 1.3089, 6.2067)
17675109500,17.723370,Receptionist,(-5.0504, 1.3032, 6.2052)
17688705100,17.737360,Receptionist,(-5.0509, 1.3038, 6.2038)
17702860200,17.751150,Receptionist,(-5.0521, 1.3071, 6.2010)
17716722800,17.765040,Receptionist,(-5.0533, 1.3149, 6.1982)
17730396700,17.779060,Receptionist,(-5.0547, 1.3231, 6.1950)
17744691200,17.793020,Receptionist,(-5.0561, 1.3282, 6.1918)
17758516000,17.806880,Receptionist,(-5.0578, 1.3300, 6.1884)
17772635400,17.820950,Receptionist,(-5.0594, 1.3285, 6.1850)
17790177800,17.838820,Receptionist,(-5.0611, 1.3250, 6.1817)
17801271300,17.849400,Receptionist,(-5.0628, 1.3202, 6.1785)
17814638000,17.862960,Receptionist,(-5.0643, 1.3160, 6.1757)
17828424000,17.877000,Receptionist,(-5.0659, 1.3118, 6.1728)
17842907800,17.891130,Receptionist,(-5.0664, 1.3084, 6.1719)
17856557600,17.904830,Receptionist,(-5.0662, 1.3067, 6.1723)
17870189500,17.918850,Receptionist,(-5.0655, 1.3062, 6.1735)
17884449900,17.932680,Receptionist,(-5.0638, 1.3068, 6.1767)
17898274400,17.946570,Receptionist,(-5.0618, 1.3076, 6.1804)
17912307000,17.960580,Receptionist,(-5.0589, 1.3100, 6.1861)
17925911000,17.974550,Receptionist,(-5.0559, 1.3135, 6.1924)
17939743000,17.988040,Receptionist,(-5.0521, 1.3193, 6.2008)
17953932200,18.002210,Receptionist,(-5.0485, 1.3264, 6.2099)
17967297700,18.015950,Receptionist,(-5.0447, 1.3372, 6.2208)
17981501400,18.029830,Receptionist,(-5.0424, 1.3432, 6.2279)
17998979000,18.047290,Receptionist,(-5.0382, 1.3637, 6.2436)
18009158100,18.057810,Receptionist,(-5.0354, 1.3804, 6.2569)
18023933400,18.072160,Receptionist,(-5.0335, 1.3949, 6.2690)
18037281100,18.085580,Receptionist,(-5.0321, 1.4082, 6.2812)
18050880900,18.099540,Receptionist,(-5.0313, 1.4200, 6.2939)
18065237000,18.113530,Receptionist,(-5.0310, 1.4307, 6.3071)
18079800200,18.127920,Receptionist,(-5.0314, 1.4399, 6.3195)
18092787700,18.141080,Receptionist,(-5.0324, 1.4471, 6.3329)
18106491500,18.155150,Receptionist,(-5.0342, 1.4535, 6.3465)
18120505100,18.168850,Receptionist,(-5.0365, 1.4606, 6.3595)
18134963900,18.183280,Receptionist,(-5.0395, 1.4647, 6.3723)
18148265900,18.196920,Receptionist,(-5.0429, 1.4705, 6.3845)
18162559900,18.210820,Receptionist,(-5.0467, 1.4754, 6.3961)
18176176700,18.224530,Receptionist,(-5.0507, 1.4800, 6.4064)
18190052000,18.238710,Receptionist,(-5.0551, 1.4845, 6.4167)
18207748100,18.256080,Receptionist,(-5.0596, 1.4890, 6.4262)
18218222300,18.266520,Receptionist,(-5.0642, 1.4930, 6.4349)
18232466700,18.280760,Receptionist,(-5.0691, 1.4977, 6.4435)
18245794100,18.294430,Receptionist,(-5.0744, 1.5023, 6.4521)
18260549600,18.308870,Receptionist,(-5.0802, 1.5068, 6.4604)
18273978700,18.322320,Receptionist,(-5.0859, 1.5117, 6.4681)
18287968200,18.336600,Receptionist,(-5.0919, 1.5164, 6.4753)
18301823700,18.350080,Receptionist,(-5.0986, 1.5212, 6.4827)
18316055700,18.364370,Receptionist,(-5.1043, 1.5255, 6.4885)
18329402700,18.378030,Receptionist,(-5.1116, 1.5295, 6.4954)
18345648500,18.393640,Receptionist,(-5.1167, 1.5316, 6.5000)
18357374800,18.405680,Receptionist,(-5.1231, 1.5333, 6.5056)
18370944300,18.419610,Receptionist,(-5.1298, 1.5352, 6.5111)
18385214700,18.433510,Receptionist,(-5.1392, 1.5376, 6.5181)
18398989800,18.447310,Receptionist,(-5.1475, 1.5398, 6.5237)
18416728600,18.465020,Receptionist,(-5.1550, 1.5413, 6.5286)
18426783700,18.475430,Receptionist,(-5.1643, 1.5419, 6.5343)
18441058800,18.489390,Receptionist,(-5.1587, 1.5375, 6.5316)
18454825300,18.503170,Receptionist,(-5.1570, 1.5338, 6.5311)
18468497600,18.517170,Receptionist,(-5.1537, 1.5305, 6.5294)
18482736700,18.531020,Receptionist,(-5.1472, 1.5280, 6.5253)
18496657500,18.545000,Receptionist,(-5.1423, 1.5277, 6.5219)
18510365900,18.559000,Receptionist,(-5.1369, 1.5287, 6.5177)
18524542600,18.572860,Receptionist,(-5.1339, 1.5329, 6.5147)
18538259900,18.586620,Receptionist,(-5.1303, 1.5388, 6.5109)
18552417200,18.600740,Receptionist,(-5.1287, 1.5518, 6.5067)
18566178700,18.614840,Receptionist,(-5.1300, 1.5649, 6.5041)
18580328000,18.628650,Receptionist,(-5.1303, 1.5793, 6.4999)
18594329200,18.642660,Receptionist,(-5.1337, 1.5944, 6.4967)
18607950800,18.656550,Receptionist,(-5.1386, 1.6072, 6.4941)
18626014400,18.674320,Receptionist,(-5.1425, 1.6212, 6.4899)
18636297100,18.684600,Receptionist,(-5.1469, 1.6326, 6.4862)
18649647600,18.698320,Receptionist,(-5.1527, 1.6437, 6.4825)
18664029200,18.712340,Receptionist,(-5.1543, 1.6519, 6.4777)
18677733200,18.726070,Receptionist,(-5.1557, 1.6588, 6.4728)
18691703400,18.740030,Receptionist,(-5.1552, 1.6646, 6.4675)
18705412600,18.754080,Receptionist,(-5.1530, 1.6682, 6.4618)
18719481300,18.767820,Receptionist,(-5.1486, 1.6709, 6.4556)
18733952400,18.782240,Receptionist,(-5.1431, 1.6723, 6.4490)
18747099400,18.795760,Receptionist,(-5.1349, 1.6715, 6.4410)
18761327800,18.809680,Receptionist,(-5.1271, 1.6719, 6.4318)
18775273700,18.823630,Receptionist,(-5.1226, 1.6740, 6.4238)
18788903200,18.837570,Receptionist,(-5.1177, 1.6744, 6.4158)
18803058000,18.851410,Receptionist,(-5.1126, 1.6742, 6.4084)
18817115200,18.865460,Receptionist,(-5.1072, 1.6737, 6.3994)
18835195600,18.883460,Receptionist,(-5.1050, 1.6756, 6.3914)
18845329300,18.893960,Receptionist,(-5.1039, 1.6786, 6.3823)
18859590700,18.907510,Receptionist,(-5.1037, 1.6819, 6.3736)
18873159400,18.921420,Receptionist,(-5.1001, 1.6813, 6.3645)
18886883000,18.935540,Receptionist,(-5.0934, 1.6767, 6.3558)
18900996300,18.949220,Receptionist,(-5.0864, 1.6706, 6.3479)
18914908400,18.963150,Receptionist,(-5.0797, 1.6638, 6.3416)
18928648200,18.977290,Receptionist,(-5.0767, 1.6607, 6.3373)
18942801300,18.990990,Receptionist,(-5.0757, 1.6602, 6.3334)
18956487100,19.004750,Receptionist,(-5.0763, 1.6613, 6.3309)
18970480400,19.019090,Receptionist,(-5.0770, 1.6626, 6.3285)
18984566300,19.032810,Receptionist,(-5.0792, 1.6655, 6.3280)
18998143200,19.046400,Receptionist,(-5.0810, 1.6680, 6.3269)
19012048200,19.060330,Receptionist,(-5.0844, 1.6718, 6.3293)
19026750500,19.075370,Receptionist,(-5.0853, 1.6727, 6.3313)
19045097600,19.093310,Receptionist,(-5.0851, 1.6720, 6.3340)
19053752100,19.101960,Receptionist,(-5.0838, 1.6698, 6.3377)
19067367200,19.116020,Receptionist,(-5.0824, 1.6674, 6.3408)
19082052400,19.130260,Receptionist,(-5.0820, 1.6661, 6.3443)
19096088300,19.144370,Receptionist,(-5.0833, 1.6666, 6.3489)
19109097000,19.157740,Receptionist,(-5.0872, 1.6698, 6.3548)
19123422200,19.171730,Receptionist,(-5.0931, 1.6746, 6.3617)
19137338400,19.185560,Receptionist,(-5.1087, 1.6863, 6.3754)
19150965600,19.199630,Receptionist,(-5.1236, 1.6955, 6.3868)
19165202900,19.213500,Receptionist,(-5.1382, 1.7026, 6.3976)
19179037800,19.227330,Receptionist,(-5.1542, 1.7082, 6.4097)
19193017600,19.241370,Receptionist,(-5.1742, 1.7132, 6.4230)
19206681800,19.255360,Receptionist,(-5.1979, 1.7159, 6.4383)
19220914500,19.269130,RoomWall_2 (81),(-7.8444, 1.9122, 6.7300)
19234873600,19.283180,RoomWall_2 (81),(-7.8444, 1.9039, 6.7717)
19252649700,19.300950,RoomWall_2 (81),(-7.8444, 1.8874, 6.8191)
19262553900,19.311190,RoomWall_2 (81),(-7.8444, 1.8723, 6.8651)
19276834400,19.325100,RoomWall_2 (81),(-7.8444, 1.8609, 6.9076)
19290261000,19.338910,RoomWall_2 (81),(-7.8444, 1.8512, 6.9473)
19304472700,19.352800,RoomWall_2 (81),(-7.8444, 1.8427, 6.9852)
19318266100,19.366650,RoomWall_2 (81),(-7.8444, 1.8394, 7.0164)
19332373800,19.380690,RoomWall_2 (81),(-7.8444, 1.8390, 7.0459)
19345981800,19.394640,RoomWall_2 (81),(-7.8444, 1.8487, 7.0686)
19360219300,19.408550,RoomWall_2 (81),(-7.8444, 1.8604, 7.0894)
19374229500,19.422440,RoomWall_2 (81),(-7.8444, 1.8730, 7.1046)
19387790300,19.436430,RoomWall_2 (81),(-7.8444, 1.8848, 7.1194)
19402062300,19.450370,RoomWall_2 (81),(-7.8444, 1.9010, 7.1289)
19416052400,19.464390,RoomWall_2 (81),(-7.8444, 1.9212, 7.1366)
19429595800,19.478270,RoomWall_2 (81),(-7.8444, 1.9397, 7.1416)
19443827000,19.492100,RoomWall_2 (81),(-7.8444, 1.9572, 7.1456)
19461261200,19.509590,RoomWall_2 (81),(-7.8444, 1.9744, 7.1358)
19471272200,19.519930,RoomWall_2 (81),(-7.8444, 1.9885, 7.1326)
19485643800,19.533980,RoomWall_2 (81),(-7.8444, 2.0009, 7.1259)
19499531400,19.547850,RoomWall_2 (81),(-7.8444, 2.0119, 7.1181)
19513478300,19.561780,RoomWall_2 (81),(-7.8444, 2.0210, 7.1060)
19527380100,19.576020,RoomWall_2 (81),(-7.8444, 2.0274, 7.0965)
19542398700,19.590550,RoomWall_2 (81),(-7.8444, 2.0320, 7.0861)
19555304600,19.603620,RoomWall_2 (81),(-7.8444, 2.0315, 7.0735)
19569233200,19.617870,RoomWall_2 (81),(-7.8444, 2.0320, 7.0595)
19583388000,19.631710,RoomWall_2 (81),(-7.8444, 2.0356, 7.0479)
19597431800,19.645690,RoomWall_2 (81),(-7.8444, 2.0369, 7.0300)
19611023200,19.659670,RoomWall_2 (81),(-7.8444, 2.0411, 7.0144)
19625381200,19.673650,RoomWall_2 (81),(-7.8444, 2.0473, 7.0005)
19639115400,19.687410,RoomWall_2 (81),(-7.8444, 2.0575, 6.9857)
19653264900,19.701580,RoomWall_2 (81),(-7.8444, 2.0693, 6.9715)
19674312600,19.722070,RoomWall_2 (81),(-7.8444, 2.0834, 6.9553)
19683139100,19.731700,RoomWall_2 (81),(-7.8444, 2.0949, 6.9384)
19694929800,19.743110,RoomWall_2 (81),(-7.8444, 2.1057, 6.9235)
19712366000,19.760680,RoomWall_2 (81),(-7.8444, 2.1145, 6.9088)
19722590600,19.771270,RoomWall_2 (81),(-7.8444, 2.1221, 6.8965)
19736310900,19.784620,RoomWall_2 (81),(-7.8444, 2.1272, 6.8854)
19749947000,19.798580,RoomWall_2 (81),(-7.8444, 2.1315, 6.8768)
19764160800,19.812430,RoomWall_2 (81),(-7.8444, 2.1360, 6.8693)
19777900100,19.826210,RoomWall_2 (81),(-7.8444, 2.1408, 6.8616)
19791824300,19.840160,RoomWall_2 (81),(-7.8444, 2.1485, 6.8610)
19806000700,19.854590,RoomWall_2 (81),(-7.8444, 2.1587, 6.8609)
19819676800,19.868020,RoomWall_2 (81),(-7.8444, 2.1687, 6.8614)
19833815400,19.882020,RoomWall_2 (81),(-7.8444, 2.1662, 6.8614)
19848126600,19.896610,RoomWall_2 (81),(-7.8444, 2.1592, 6.8637)
19862339400,19.910540,RoomWall_2 (81),(-7.8444, 2.1529, 6.8647)
19879383800,19.927670,RoomWall_2 (81),(-7.8444, 2.1408, 6.8981)
19889153300,19.937790,RoomWall_2 (81),(-7.8444, 2.1336, 6.9035)
19903493400,19.951730,RoomWall_2 (81),(-7.8444, 2.1153, 6.9230)
19917223600,19.965550,RoomWall_2 (81),(-7.8444, 2.0986, 6.9425)
19930781300,19.979440,RoomWall_2 (81),(-7.8444, 2.0815, 6.9489)
19946119400,19.994200,RoomWall_2 (81),(-7.8444, 2.0737, 6.9613)
19959085600,20.007350,RoomWall_2 (81),(-7.8444, 2.0738, 6.9703)
19972982000,20.021280,RoomWall_2 (81),(-7.8444, 2.0800, 6.9761)
19986579900,20.035210,RoomWall_2 (81),(-7.8444, 2.0827, 6.9810)
20001034000,20.049270,RoomWall_2 (81),(-7.8444, 2.1087, 6.9680)
20014722600,20.063030,RoomWall_2 (81),(-7.8444, 2.1312, 6.9585)
20028238200,20.076890,RoomWall_2 (81),(-7.8444, 2.1644, 6.9483)
20042582400,20.090860,RoomWall_2 (81),(-7.8444, 2.1963, 6.9382)
20056592500,20.104880,RoomWall_2 (81),(-7.8444, 2.2344, 6.9195)
20070343600,20.118970,RoomWall_2 (81),(-7.8444, 2.2679, 6.9011)
20088614300,20.136870,RoomWall_2 (81),(-7.8444, 2.3051, 6.8711)
20099244300,20.147450,RoomWall_2 (81),(-7.8444, 2.3367, 6.8447)
20112090500,20.160400,RoomWall_2 (81),(-7.8444, 2.3694, 6.8172)
20125918700,20.174550,RoomWall_2 (81),(-7.8444, 2.4038, 6.7926)
20139998100,20.188220,RoomWall_2 (81),(-7.8444, 2.4381, 6.7655)
20153893600,20.202190,RoomWall_2 (81),(-7.8444, 2.4762, 6.7369)
20168101600,20.216600,RoomWall_2 (81),(-7.8444, 2.5147, 6.7017)
20181723300,20.230010,RoomWall_2 (81),(-7.8444, 2.5500, 6.6734)
20195775800,20.244060,RoomWall_2 (81),(-7.8444, 2.5797, 6.6431)
20209162900,20.257850,RoomWall_2 (81),(-7.8444, 2.6025, 6.6136)
20223500400,20.271750,RoomWall_2 (81),(-7.8444, 2.6245, 6.5851)
20237337500,20.285630,RoomWall_2 (81),(-7.8444, 2.6409, 6.5568)
20250982000,20.299650,RoomWall_2 (81),(-7.8444, 2.6579, 6.5303)
20265324300,20.313630,RoomWall_2 (81),(-7.8444, 2.6710, 6.5074)
20279330200,20.327620,RoomWall_2 (81),(-7.8444, 2.6735, 6.4880)
20297159600,20.345440,RoomWall_2 (81),(-7.8444, 2.6622, 6.4702)
20306826900,20.355480,RoomWall_2 (81),(-7.8444, 2.6401, 6.4601)
20321031600,20.369340,RoomWall_2 (81),(-7.8444, 2.6020, 6.4531)
20335021700,20.383330,RoomWall_2 (81),(-7.8444, 2.5646, 6.4452)
20348692900,20.397350,RoomWall_2 (81),(-7.8444, 2.5064, 6.4441)
20363139300,20.411240,RoomWall_2 (81),(-7.8444, 2.4577, 6.4369)
20376915700,20.425220,RoomWall_2 (81),(-7.8444, 2.4054, 6.4364)
20390310900,20.438980,RoomWall_2 (81),(-7.8444, 2.3573, 6.4361)
20404710800,20.452940,RoomWall_2 (81),(-7.8444, 2.3095, 6.4365)
20418711700,20.467000,RoomWall_2 (81),(-7.8444, 2.2643, 6.4411)
20432514900,20.480810,RoomWall_2 (81),(-7.8444, 2.2233, 6.4443)
20446565300,20.495040,RoomWall_2 (81),(-7.8444, 2.1849, 6.4532)
20460325000,20.508620,RoomWall_2 (81),(-7.8444, 2.1447, 6.4631)
20474012600,20.522330,RoomWall_2 (81),(-7.8444, 2.1100, 6.4748)
20487899800,20.536550,RoomWall_2 (81),(-7.8444, 2.0821, 6.4838)
20506317800,20.554580,RoomWall_2 (81),(-7.8444, 2.0610, 6.4928)
20516117800,20.564410,RoomWall_2 (81),(-7.8444, 2.0544, 6.4996)
20529510300,20.578180,RoomWall_2 (81),(-7.8444, 2.0574, 6.5058)
20544034800,20.592330,RoomWall_2 (81),(-7.8444, 2.0560, 6.5125)
20557897500,20.606200,RoomWall_2 (81),(-7.8444, 2.0773, 6.5219)
20571336900,20.619980,RoomWall_2 (81),(-7.8444, 2.0840, 6.5374)
20585785900,20.634050,RoomWall_2 (81),(-7.8444, 2.0813, 6.5505)
20599632800,20.647920,RoomWall_2 (81),(-7.8444, 2.0744, 6.5801)
20613390000,20.661700,RoomWall_2 (81),(-7.8444, 2.0605, 6.6001)
20627167700,20.675810,RoomWall_2 (81),(-7.8444, 2.0455, 6.6141)
20641080800,20.689400,RoomWall_2 (81),(-7.8444, 2.0323, 6.6277)
20655235900,20.703560,RoomWall_2 (81),(-7.8444, 2.0245, 6.6395)
20669050400,20.717670,RoomWall_2 (81),(-7.8444, 2.0235, 6.6505)
20683253400,20.731530,RoomWall_2 (81),(-7.8444, 2.0236, 6.6612)
20696982100,20.745300,RoomWall_2 (81),(-7.8444, 2.0272, 6.6717)
20714930200,20.763250,RoomWall_2 (81),(-7.8444, 2.0318, 6.6830)
20724744600,20.773390,RoomWall_2 (81),(-7.8444, 2.0403, 6.6917)
20738635100,20.786990,RoomWall_2 (81),(-7.8444, 2.0546, 6.6959)
20752649200,20.800970,RoomWall_2 (81),(-7.8444, 2.0683, 6.6999)
20766300600,20.814980,RoomWall_2 (81),(-7.8444, 2.0806, 6.6992)
20780855600,20.829100,RoomWall_2 (81),(-7.8444, 2.0876, 6.6940)
20794653100,20.842910,RoomWall_2 (81),(-7.8444, 2.0860, 6.6833)
20808161800,20.856790,RoomWall_2 (81),(-7.8444, 2.0838, 6.6690)
20822381800,20.870660,RoomWall_2 (81),(-7.8444, 2.0774, 6.6499)
20835969600,20.884310,RoomWall_2 (81),(-7.8444, 2.0719, 6.6228)
20849935300,20.898580,RoomWall_2 (81),(-7.8444, 2.0704, 6.6022)
20864150600,20.912450,RoomWall_2 (81),(-7.8444, 2.0749, 6.5806)
20877812400,20.926160,RoomWall_2 (81),(-7.8444, 2.0923, 6.5625)
20891747100,20.940040,RoomWall_2 (81),(-7.8444, 2.1068, 6.5433)
20905908900,20.954540,RoomWall_2 (81),(-7.8444, 2.1239, 6.5208)
20924189900,20.972430,RoomWall_2 (81),(-7.8444, 2.1361, 6.4935)
20933932800,20.982150,RoomWall_2 (81),(-7.8444, 2.1398, 6.4738)
20947540300,20.996200,RoomWall_2 (81),(-7.8444, 2.1358, 6.4616)
20961241400,21.009530,RoomWall_2 (81),(-7.8444, 2.1240, 6.4571)
20975610800,21.023900,RoomWall_2 (81),(-7.8444, 2.1146, 6.4552)
20988896800,21.037570,RoomWall_2 (81),(-7.8444, 2.1034, 6.4587)
21003342300,21.051570,RoomWall_2 (81),(-7.8444, 2.0993, 6.4607)
21017191600,21.065450,RoomWall_2 (81),(-7.8444, 2.1005, 6.4621)
21030849400,21.079510,RoomWall_2 (81),(-7.8444, 2.1079, 6.4619)
21045175500,21.093490,RoomWall_2 (81),(-7.8444, 2.1169, 6.4607)
21059706300,21.107930,RoomWall_2 (81),(-7.8444, 2.1323, 6.4589)
21073136200,21.121350,RoomWall_2 (81),(-7.8444, 2.1437, 6.4578)
21086568100,21.135210,RoomWall_2 (81),(-7.8444, 2.1483, 6.4564)
21100529100,21.148850,RoomWall_2 (81),(-7.8444, 2.1448, 6.4544)
21114564100,21.162860,RoomWall_2 (81),(-7.8444, 2.1298, 6.4495)
21132586900,21.180910,RoomWall_2 (81),(-7.8444, 2.1257, 6.4465)
21142041100,21.190690,RoomWall_2 (81),(-7.8444, 2.0873, 6.4432)
21156470600,21.204760,RoomWall_2 (81),(-7.8444, 2.0614, 6.4389)
21170154100,21.218810,RoomWall_2 (81),(-7.8444, 2.0387, 6.4332)
21184360500,21.232580,Receptionist,(-5.2105, 1.7574, 6.3247)
21198229700,21.246570,Receptionist,(-5.2007, 1.7542, 6.3232)
21212344000,21.260650,Receptionist,(-5.2044, 1.7555, 6.3227)
21225738600,21.274360,Receptionist,(-5.2229, 1.7611, 6.3226)
21240139000,21.288320,RoomWall_2 (81),(-7.8444, 2.0534, 6.4144)
21253844900,21.302160,RoomWall_2 (81),(-7.8444, 2.0724, 6.4135)
21267538400,21.316220,RoomWall_2 (81),(-7.8444, 2.0955, 6.4142)
21281599400,21.329900,RoomWall_2 (81),(-7.8444, 2.1077, 6.4130)
21295715800,21.344020,RoomWall_2 (81),(-7.8444, 2.1133, 6.4106)
21309241900,21.357920,RoomWall_2 (81),(-7.8444, 2.1105, 6.4042)
21323498000,21.371800,RoomWall_2 (81),(-7.8444, 2.1086, 6.3996)
21341502000,21.389830,RoomWall_2 (81),(-7.8444, 2.0979, 6.3948)
21351111400,21.399760,RoomWall_2 (81),(-7.8444, 2.0844, 6.3926)
21365320100,21.413650,RoomWall_2 (81),(-7.8444, 2.0769, 6.3894)
21379113300,21.427450,RoomWall_2 (81),(-7.8444, 2.0721, 6.3861)
21393357000,21.441630,RoomWall_2 (81),(-7.8444, 2.0706, 6.3814)
21407174100,21.455770,RoomWall_2 (81),(-7.8444, 2.0714, 6.3764)
21420996600,21.469310,RoomWall_2 (81),(-7.8444, 2.0737, 6.3720)
21435245700,21.483520,RoomWall_2 (81),(-7.8444, 2.0774, 6.3675)
21448482000,21.497180,RoomWall_2 (81),(-7.8444, 2.0813, 6.3649)
21462983100,21.511280,RoomWall_2 (81),(-7.8444, 2.0825, 6.3621)
21476736800,21.525050,RoomWall_2 (81),(-7.8444, 2.0833, 6.3612)
21490387000,21.539040,RoomWall_2 (81),(-7.8444, 2.0840, 6.3591)
21504523500,21.552810,RoomWall_2 (81),(-7.8444, 2.0827, 6.3579)
21518402000,21.566710,RoomWall_2 (81),(-7.8444, 2.0790, 6.3567)
21532433000,21.580730,RoomWall_2 (81),(-7.8444, 2.0732, 6.3559)
21550340000,21.598970,RoomWall_2 (81),(-7.8444, 2.0653, 6.3580)
21560353300,21.608690,RoomWall_2 (81),(-7.8444, 2.0575, 6.3626)
21574229900,21.622540,RoomWall_2 (81),(-7.8444, 2.0500, 6.3713)
21587820400,21.636460,RoomWall_2 (81),(-7.8444, 2.0442, 6.3762)
21602271300,21.650360,Receptionist,(-5.2454, 1.7655, 6.3286)
21616013100,21.664300,Receptionist,(-5.2528, 1.7662, 6.3340)
21630002700,21.678460,RoomWall_2 (81),(-7.8444, 2.0405, 6.4170)
21643845800,21.692100,RoomWall_2 (81),(-7.8444, 2.0449, 6.4253)
21657724200,21.706010,RoomWall_2 (81),(-7.8444, 2.0503, 6.4297)
21671227600,21.719890,RoomWall_2 (81),(-7.8444, 2.0581, 6.4314)
21685529800,21.733820,RoomWall_2 (81),(-7.8444, 2.0670, 6.4324)
21699483900,21.747840,RoomWall_2 (81),(-7.8444, 2.0781, 6.4345)
21713198900,21.761550,RoomWall_2 (81),(-7.8444, 2.0896, 6.4355)
21727378300,21.776010,RoomWall_2 (81),(-7.8444, 2.0995, 6.4352)
21741517700,21.789750,RoomWall_2 (81),(-7.8444, 2.1052, 6.4335)
21760087600,21.808320,RoomWall_2 (81),(-7.8444, 2.1075, 6.4324)
21769002900,21.817580,RoomWall_2 (81),(-7.8444, 2.1036, 6.4309)
21783275800,21.831500,RoomWall_2 (81),(-7.8444, 2.1008, 6.4305)
21797213500,21.845450,RoomWall_2 (81),(-7.8444, 2.0966, 6.4317)
21810547800,21.859180,RoomWall_2 (81),(-7.8444, 2.0932, 6.4311)
21824761600,21.873080,RoomWall_2 (81),(-7.8444, 2.0921, 6.4316)
21838777800,21.887050,RoomWall_2 (81),(-7.8444, 2.0907, 6.4323)
21852680000,21.900950,RoomWall_2 (81),(-7.8444, 2.0888, 6.4334)
21866449500,21.915100,RoomWall_2 (81),(-7.8444, 2.0860, 6.4369)
21880894000,21.929150,RoomWall_2 (81),(-7.8444, 2.0813, 6.4431)
21894240500,21.942540,RoomWall_2 (81),(-7.8444, 2.0766, 6.4503)
21908055600,21.956710,RoomWall_2 (81),(-7.8444, 2.0720, 6.4570)
21922033600,21.970290,RoomWall_2 (81),(-7.8444, 2.0635, 6.4661)
21936125000,21.984410,RoomWall_2 (81),(-7.8444, 2.0574, 6.4722)
21949831300,21.998500,RoomWall_2 (81),(-7.8444, 2.0510, 6.4806)
21968339900,22.016610,RoomWall_2 (81),(-7.8444, 2.0430, 6.4881)
21978340400,22.026570,RoomWall_2 (81),(-7.8444, 2.0346, 6.4960)
21991961800,22.040260,RoomWall_2 (81),(-7.8444, 2.0254, 6.5035)
22005784400,22.054280,Receptionist,(-5.2344, 1.7542, 6.3779)
22019625400,22.067900,Receptionist,(-5.2249, 1.7512, 6.3801)
22033774600,22.082030,Receptionist,(-5.2251, 1.7504, 6.3831)
22047268900,22.095940,Receptionist,(-5.2443, 1.7534, 6.3874)
22061710900,22.109810,RoomWall_2 (81),(-7.8444, 2.0162, 6.5411)
22075429900,22.123710,RoomWall_2 (81),(-7.8444, 2.0295, 6.5498)
22088878100,22.137540,RoomWall_2 (81),(-7.8444, 2.0501, 6.5571)
22103232100,22.151530,RoomWall_2 (81),(-7.8444, 2.0730, 6.5635)
22116995000,22.165320,RoomWall_2 (81),(-7.8444, 2.0932, 6.5693)
22130582700,22.179240,RoomWall_2 (81),(-7.8444, 2.1120, 6.5741)
22145028400,22.193350,RoomWall_2 (81),(-7.8444, 2.1270, 6.5784)
22158896700,22.207230,RoomWall_2 (81),(-7.8444, 2.1386, 6.5834)
22176912200,22.225220,RoomWall_2 (81),(-7.8444, 2.1462, 6.5871)
22186774700,22.235410,RoomWall_2 (81),(-7.8444, 2.1497, 6.5921)
22200579300,22.248930,RoomWall_2 (81),(-7.8444, 2.1516, 6.5962)
22214468300,22.262820,RoomWall_2 (81),(-7.8444, 2.1514, 6.5982)
22228247700,22.276910,RoomWall_2 (81),(-7.8444, 2.1510, 6.5999)
22242411800,22.290670,RoomWall_2 (81),(-7.8444, 2.1507, 6.6023)
22256276100,22.304620,RoomWall_2 (81),(-7.8444, 2.1513, 6.6037)
22270205400,22.318860,RoomWall_2 (81),(-7.8444, 2.1503, 6.6040)
22284119800,22.332460,RoomWall_2 (81),(-7.8444, 2.1510, 6.6066)
22298090500,22.346390,RoomWall_2 (81),(-7.8444, 2.1525, 6.6091)
22312002900,22.360330,RoomWall_2 (81),(-7.8444, 2.1551, 6.6127)
22325819200,22.374500,RoomWall_2 (81),(-7.8444, 2.1574, 6.6153)
22339831900,22.388180,RoomWall_2 (81),(-7.8444, 2.1589, 6.6193)
22353826000,22.402160,RoomWall_2 (81),(-7.8444, 2.1588, 6.6245)
22367395100,22.416070,RoomWall_2 (81),(-7.8444, 2.1576, 6.6290)
22385941000,22.434220,RoomWall_2 (81),(-7.8444, 2.1556, 6.6333)
22395567000,22.443890,RoomWall_2 (81),(-7.8444, 2.1521, 6.6396)
22409281500,22.457950,RoomWall_2 (81),(-7.8444, 2.1461, 6.6458)
22424294700,22.472420,RoomWall_2 (81),(-7.8444, 2.1391, 6.6522)
22437664200,22.485960,RoomWall_2 (81),(-7.8444, 2.1290, 6.6583)
22451120300,22.499750,RoomWall_2 (81),(-7.8444, 2.1182, 6.6639)
22465285000,22.513640,RoomWall_2 (81),(-7.8444, 2.1054, 6.6706)
22479469300,22.527740,RoomWall_2 (81),(-7.8444, 2.0942, 6.6766)
22493081500,22.541320,RoomWall_2 (81),(-7.8444, 2.0832, 6.6830)
22506568800,22.555240,RoomWall_2 (81),(-7.8444, 2.0741, 6.6900)
22520670700,22.569000,RoomWall_2 (81),(-7.8444, 2.0669, 6.6960)
22534700200,22.582990,RoomWall_2 (81),(-7.8444, 2.0643, 6.7024)
22548519900,22.597200,RoomWall_2 (81),(-7.8444, 2.0619, 6.7082)
22562695700,22.610990,RoomWall_2 (81),(-7.8444, 2.0609, 6.7128)
22576524200,22.624870,RoomWall_2 (81),(-7.8444, 2.0605, 6.7171)
22594754400,22.643060,RoomWall_2 (81),(-7.8444, 2.0615, 6.7204)
22605141900,22.653780,RoomWall_2 (81),(-7.8444, 2.0641, 6.7225)
22618246400,22.666570,RoomWall_2 (81),(-7.8444, 2.0661, 6.7259)
22632272700,22.680540,RoomWall_2 (81),(-7.8444, 2.0676, 6.7294)
22645966800,22.694620,RoomWall_2 (81),(-7.8444, 2.0706, 6.7314)
22659933800,22.708300,RoomWall_2 (81),(-7.8444, 2.0732, 6.7314)
22673950800,22.722290,RoomWall_2 (81),(-7.8444, 2.0774, 6.7307)
22687549600,22.736210,RoomWall_2 (81),(-7.8444, 2.0814, 6.7319)
22702135500,22.750390,RoomWall_2 (81),(-7.8444, 2.0872, 6.7327)
22715947400,22.764260,RoomWall_2 (81),(-7.8444, 2.0940, 6.7340)
22729508400,22.778130,RoomWall_2 (81),(-7.8444, 2.1017, 6.7365)
22743685400,22.791920,RoomWall_2 (81),(-7.8444, 2.1094, 6.7380)
22757801900,22.806100,RoomWall_2 (81),(-7.8444, 2.1166, 6.7402)
22771702400,22.820010,RoomWall_2 (81),(-7.8444, 2.1229, 6.7420)
22785254300,22.833910,RoomWall_2 (81),(-7.8444, 2.1284, 6.7434)
22803569000,22.851880,RoomWall_2 (81),(-7.8444, 2.1324, 6.7451)
22813122000,22.861470,RoomWall_2 (81),(-7.8444, 2.1358, 6.7470)
22827167500,22.875810,RoomWall_2 (81),(-7.8444, 2.1381, 6.7491)
22840916600,22.889230,RoomWall_2 (81),(-7.8444, 2.1397, 6.7516)
22855096600,22.903400,RoomWall_2 (81),(-7.8444, 2.1380, 6.7556)
22868850500,22.917470,RoomWall_2 (81),(-7.8444, 2.1364, 6.7603)
22883059800,22.931240,RoomWall_2 (81),(-7.8444, 2.1326, 6.7667)
22896845000,22.945100,RoomWall_2 (81),(-7.8444, 2.1277, 6.7720)
22910089300,22.958760,RoomWall_2 (81),(-7.8444, 2.1233, 6.7774)
22924766600,22.973000,RoomWall_2 (81),(-7.8444, 2.1168, 6.7823)
22938650400,22.986950,RoomWall_2 (81),(-7.8444, 2.1111, 6.7857)
22952759600,23.001040,RoomWall_2 (81),(-7.8444, 2.1059, 6.7892)
22966189900,23.014810,RoomWall_2 (81),(-7.8444, 2.0996, 6.7916)
22980467400,23.028750,RoomWall_2 (81),(-7.8444, 2.0944, 6.7933)
22994142500,23.042440,RoomWall_2 (81),(-7.8444, 2.0874, 6.7957)
23012456300,23.060800,RoomWall_2 (81),(-7.8444, 2.0822, 6.7952)
23021882100,23.070510,RoomWall_2 (81),(-7.8444, 2.0779, 6.7956)
23035872300,23.084200,RoomWall_2 (81),(-7.8444, 2.0730, 6.7962)
23049620700,23.098300,RoomWall_2 (81),(-7.8444, 2.0671, 6.7962)
23063837400,23.112140,RoomWall_2 (81),(-7.8444, 2.0603, 6.7965)
23077631000,23.125970,RoomWall_2 (81),(-7.8444, 2.0524, 6.7966)
23091230800,23.139890,RoomWall_2 (81),(-7.8444, 2.0451, 6.7960)
23105690900,23.153990,RoomWall_2 (81),(-7.8444, 2.0378, 6.7962)
23119274700,23.167600,RoomWall_2 (81),(-7.8444, 2.0317, 6.7957)
23133391100,23.181720,RoomWall_2 (81),(-7.8444, 2.0260, 6.7945)
23146966200,23.195620,RoomWall_2 (81),(-7.8444, 2.0239, 6.7934)
23161276800,23.209620,RoomWall_2 (81),(-7.8444, 2.0231, 6.7915)
23175380700,23.223700,RoomWall_2 (81),(-7.8444, 2.0246, 6.7874)
23188786200,23.237450,RoomWall_2 (81),(-7.8444, 2.0259, 6.7835)
23203056500,23.251340,RoomWall_2 (81),(-7.8444, 2.0282, 6.7770)
23221209200,23.269560,RoomWall_2 (81),(-7.8444, 2.0294, 6.7691)
23230815200,23.279470,RoomWall_2 (81),(-7.8444, 2.0307, 6.7611)
23244803600,23.293160,RoomWall_2 (81),(-7.8444, 2.0308, 6.7529)
23258890300,23.307170,RoomWall_2 (81),(-7.8444, 2.0332, 6.7420)
23272721700,23.321080,RoomWall_2 (81),(-7.8444, 2.0354, 6.7315)
23286359500,23.335020,RoomWall_2 (81),(-7.8444, 2.0389, 6.7202)
23300748500,23.349040,RoomWall_2 (81),(-7.8444, 2.0419, 6.7106)
23314460700,23.362760,RoomWall_2 (81),(-7.8444, 2.0545, 6.6924)
23328192500,23.376860,RoomWall_2 (81),(-7.8444, 2.0599, 6.6794)
23342356200,23.390620,RoomWall_2 (81),(-7.8444, 2.0688, 6.6623)
23356372100,23.404690,RoomWall_2 (81),(-7.8444, 2.0746, 6.6462)
23369956400,23.418620,RoomWall_2 (81),(-7.8444, 2.0779, 6.6318)
23384412900,23.432740,RoomWall_2 (81),(-7.8444, 2.0812, 6.6169)
23397960600,23.446330,RoomWall_2 (81),(-7.8444, 2.0813, 6.6034)
23411891800,23.460210,RoomWall_2 (81),(-7.8444, 2.0812, 6.5888)
23429942200,23.478590,RoomWall_2 (81),(-7.8444, 2.0812, 6.5759)
23440135200,23.488460,RoomWall_2 (81),(-7.8444, 2.0796, 6.5626)
23453916600,23.502180,RoomWall_2 (81),(-7.8444, 2.0781, 6.5494)
23467581400,23.516210,RoomWall_2 (81),(-7.8444, 2.0768, 6.5358)
23481792800,23.529980,RoomWall_2 (81),(-7.8444, 2.0747, 6.5219)
23496650200,23.544810,RoomWall_2 (81),(-7.8444, 2.0723, 6.5066)
23509312200,23.557930,RoomWall_2 (81),(-7.8444, 2.0698, 6.4913)
23523454000,23.571710,RoomWall_2 (81),(-7.8444, 2.0686, 6.4769)
23537384500,23.585640,RoomWall_2 (81),(-7.8444, 2.0687, 6.4627)
23550834400,23.599500,RoomWall_2 (81),(-7.8444, 2.0696, 6.4496)
23565177600,23.613490,RoomWall_2 (81),(-7.8444, 2.0723, 6.4369)
23579052600,23.627360,RoomWall_2 (81),(-7.8444, 2.0751, 6.4241)
23592865800,23.641150,RoomWall_2 (81),(-7.8444, 2.0762, 6.4111)
23606642900,23.655300,RoomWall_2 (81),(-7.8444, 2.0782, 6.3968)
23620478500,23.668780,RoomWall_2 (81),(-7.8444, 2.0781, 6.3825)
23639001100,23.687270,RoomWall_2 (81),(-7.8444, 2.0779, 6.3669)
23648223500,23.696860,RoomWall_2 (81),(-7.8444, 2.0782, 6.3504)
23662549700,23.710820,RoomWall_2 (81),(-7.8444, 2.0790, 6.3347)
23676853300,23.725000,RoomWall_2 (81),(-7.8444, 2.0779, 6.3195)
23690301000,23.738870,RoomWall_2 (81),(-7.8444, 2.0769, 6.3034)
23704873400,23.753080,RoomWall_2 (81),(-7.8444, 2.0736, 6.2856)
23718689100,23.766800,RoomWall_2 (81),(-7.8444, 2.0725, 6.2689)
23732454000,23.780700,RoomWall_2 (81),(-7.8444, 2.0697, 6.2533)
23745786600,23.794360,RoomWall_2 (81),(-7.8444, 2.0666, 6.2375)
23759857300,23.808150,RoomWall_2 (81),(-7.8444, 2.0620, 6.2205)
23773615900,23.821920,RoomWall_2 (81),(-7.8444, 2.0580, 6.2039)
23787627600,23.836260,RoomWall_2 (81),(-7.8444, 2.0529, 6.1877)
23801867200,23.850180,RoomWall_2 (81),(-7.8444, 2.0478, 6.1716)
23815437900,23.863750,RoomWall_2 (81),(-7.8444, 2.0414, 6.1570)
23829527100,23.878150,RoomWall_2 (81),(-7.8444, 2.0370, 6.1432)
23849188100,23.897440,RoomWall_2 (81),(-7.8444, 2.0328, 6.1295)
23857385200,23.905600,RoomWall_2 (81),(-7.8444, 2.0283, 6.1161)
23870906200,23.919570,RoomWall_2 (81),(-7.8444, 2.0257, 6.1031)
23885274300,23.933560,RoomWall_2 (81),(-7.8444, 2.0221, 6.0907)
23899293900,23.947530,RoomWall_2 (81),(-7.8444, 2.0188, 6.0776)
23913596200,23.961770,RoomWall_2 (81),(-7.8444, 2.0147, 6.0675)
23927169000,23.975610,RoomWall_2 (81),(-7.8444, 2.0094, 6.0571)
23941036900,23.989300,RoomWall_2 (81),(-7.8444, 2.0056, 6.0479)
23955022000,24.003270,RoomWall_2 (81),(-7.8444, 2.0024, 6.0381)
23968650900,24.017280,RoomWall_2 (81),(-7.8444, 2.0003, 6.0296)
23982674800,24.030890,RoomWall_2 (81),(-7.8444, 1.9988, 6.0215)
23996692400,24.045010,RoomWall_2 (81),(-7.8444, 1.9971, 6.0125)
24010101300,24.058750,RoomWall_2 (81),(-7.8444, 1.9975, 6.0044)
24024447000,24.072750,RoomWall_2 (81),(-7.8444, 1.9968, 5.9972)
24038519600,24.086820,RoomWall_2 (81),(-7.8444, 1.9954, 5.9906)
24056854900,24.105100,RoomWall_2 (81),(-7.8444, 1.9954, 5.9840)
24065799200,24.114450,RoomWall_2 (81),(-7.8444, 1.9960, 5.9777)
24080212000,24.128490,RoomWall_2 (81),(-7.8444, 1.9975, 5.9721)
24094470000,24.142620,RoomWall_2 (81),(-7.8444, 2.0005, 5.9663)
24107797400,24.156430,RoomWall_2 (81),(-7.8444, 2.0038, 5.9620)
24121960300,24.170220,RoomWall_2 (81),(-7.8444, 2.0072, 5.9581)
24135910000,24.184170,RoomWall_2 (81),(-7.8444, 2.0113, 5.9541)
24149284000,24.197930,RoomWall_2 (81),(-7.8444, 2.0161, 5.9533)
24163832100,24.212050,RoomWall_2 (81),(-7.8444, 2.0201, 5.9524)
24178179600,24.226470,RoomWall_2 (81),(-7.8444, 2.0239, 5.9528)
24192127600,24.240340,RoomWall_2 (81),(-7.8444, 2.0283, 5.9550)
24206141000,24.254760,RoomWall_2 (81),(-7.8444, 2.0319, 5.9570)
24219607200,24.267880,RoomWall_2 (81),(-7.8444, 2.0332, 5.9621)
24238304500,24.286540,RoomWall_2 (81),(-7.8444, 2.0354, 5.9675)
24252735000,24.300930,RoomWall_2 (81),(-7.8444, 2.0377, 5.9739)
24266467800,24.315070,RoomWall_2 (81),(-7.8444, 2.0406, 5.9813)
24275708600,24.324000,RoomWall_2 (81),(-7.8444, 2.0442, 5.9879)
24289205700,24.337830,RoomWall_2 (81),(-7.8444, 2.0483, 5.9956)
24303696200,24.351920,RoomWall_2 (81),(-7.8444, 2.0532, 6.0036)
24317605500,24.365880,RoomWall_2 (81),(-7.8444, 2.0581, 6.0121)
24330994200,24.379640,RoomWall_2 (81),(-7.8444, 2.0622, 6.0232)
24345277100,24.393540,RoomWall_2 (81),(-7.8444, 2.0638, 6.0327)
24359218600,24.407470,RoomWall_2 (81),(-7.8444, 2.0647, 6.0414)
24373159800,24.421440,RoomWall_2 (81),(-7.8444, 2.0650, 6.0503)
24386995700,24.435610,RoomWall_2 (81),(-7.8444, 2.0648, 6.0602)
24400949100,24.449210,RoomWall_2 (81),(-7.8444, 2.0639, 6.0710)
24414755400,24.463020,RoomWall_2 (81),(-7.8444, 2.0617, 6.0821)
24428654200,24.477260,RoomWall_2 (81),(-7.8444, 2.0603, 6.0929)
24442715800,24.490950,RoomWall_2 (81),(-7.8444, 2.0585, 6.1028)
24456675900,24.504940,RoomWall_2 (81),(-7.8444, 2.0576, 6.1139)
24475262600,24.523500,RoomWall_2 (81),(-7.8444, 2.0555, 6.1245)
24484341300,24.532940,RoomWall_2 (81),(-7.8444, 2.0550, 6.1351)
24498490700,24.546790,RoomWall_2 (81),(-7.8444, 2.0532, 6.1456)
24512591600,24.560770,RoomWall_2 (81),(-7.8444, 2.0507, 6.1568)
24526146500,24.574770,RoomWall_2 (81),(-7.8444, 2.0483, 6.1679)
24540545100,24.588800,RoomWall_2 (81),(-7.8444, 2.0450, 6.1769)
24554934800,24.603160,RoomWall_2 (81),(-7.8444, 2.0415, 6.1874)
24568136700,24.616700,RoomWall_2 (81),(-7.8444, 2.0380, 6.1953)
24582615000,24.630690,Receptionist,(-5.2670, 1.7649, 6.2621)
24595859900,24.644100,Receptionist,(-5.2382, 1.7603, 6.2662)
24609626600,24.658250,Receptionist,(-5.2232, 1.7568, 6.2702)
24624073600,24.672260,Receptionist,(-5.2105, 1.7531, 6.2737)
24638599900,24.686810,Receptionist,(-5.1996, 1.7493, 6.2771)
24651816900,24.700070,Receptionist,(-5.1907, 1.7459, 6.2803)
24665668700,24.714190,Receptionist,(-5.1831, 1.7426, 6.2836)
24684499800,24.732680,Receptionist,(-5.1772, 1.7399, 6.2865)
24694429100,24.742530,Receptionist,(-5.1723, 1.7376, 6.2899)
24707273800,24.755920,Receptionist,(-5.1692, 1.7360, 6.2929)
24720973400,24.769220,Receptionist,(-5.1663, 1.7345, 6.2962)
24735723600,24.783930,Receptionist,(-5.1647, 1.7337, 6.2992)
24749107100,24.797710,Receptionist,(-5.1657, 1.7344, 6.3024)
24763912900,24.812030,Receptionist,(-5.1674, 1.7354, 6.3052)
24777497200,24.825680,Receptionist,(-5.1706, 1.7371, 6.3080)
24790930200,24.839530,Receptionist,(-5.1752, 1.7395, 6.3107)
24805177900,24.853390,Receptionist,(-5.1809, 1.7424, 6.3130)
24818725900,24.866920,Receptionist,(-5.1889, 1.7461, 6.3151)
24832165600,24.880420,Receptionist,(-5.1965, 1.7494, 6.3169)
24846518200,24.895070,Receptionist,(-5.2068, 1.7533, 6.3185)
24860950700,24.909120,Receptionist,(-5.2170, 1.7568, 6.3201)
24874780000,24.922950,Receptionist,(-5.2289, 1.7603, 6.3214)
24892930200,24.941160,Receptionist,(-5.2493, 1.7650, 6.3232)
24902264400,24.950720,RoomWall_2 (81),(-7.8444, 2.0461, 6.3654)
24915944700,24.964160,RoomWall_2 (81),(-7.8444, 2.0520, 6.3695)
24929716000,24.978320,RoomWall_2 (81),(-7.8444, 2.0555, 6.3738)
24944271300,24.992520,RoomWall_2 (81),(-7.8444, 2.0598, 6.3774)
24958341600,25.006600,RoomWall_2 (81),(-7.8444, 2.0625, 6.3824)
24972107900,25.020310,RoomWall_2 (81),(-7.8444, 2.0642, 6.3877)
24985629000,25.034240,RoomWall_2 (81),(-7.8444, 2.0641, 6.3934)
24999957000,25.048250,RoomWall_2 (81),(-7.8444, 2.0650, 6.3996)
25014341100,25.062490,RoomWall_2 (81),(-7.8444, 2.0647, 6.4049)
25027151400,25.075760,RoomWall_2 (81),(-7.8444, 2.0637, 6.4120)
25041443400,25.089700,RoomWall_2 (81),(-7.8444, 2.0626, 6.4197)
25055275600,25.103580,RoomWall_2 (81),(-7.8444, 2.0606, 6.4265)
25068817400,25.117440,RoomWall_2 (81),(-7.8444, 2.0592, 6.4350)
25083715300,25.131900,RoomWall_2 (81),(-7.8444, 2.0581, 6.4423)
25101663400,25.149910,RoomWall_2 (81),(-7.8444, 2.0558, 6.4509)
25110361900,25.159030,RoomWall_2 (81),(-7.8444, 2.0534, 6.4588)
25124724000,25.172950,RoomWall_2 (81),(-7.8444, 2.0505, 6.4670)
25138698000,25.187000,RoomWall_2 (81),(-7.8444, 2.0491, 6.4747)
25152696900,25.201020,RoomWall_2 (81),(-7.8444, 2.0491, 6.4819)
25166563600,25.215210,RoomWall_2 (81),(-7.8444, 2.0495, 6.4873)
25180648700,25.228940,RoomWall_2 (81),(-7.8444, 2.0507, 6.4946)
25194718600,25.242980,RoomWall_2 (81),(-7.8444, 2.0507, 6.5011)
25208451000,25.257030,RoomWall_2 (81),(-7.8444, 2.0493, 6.5066)
25224879100,25.272900,RoomWall_2 (81),(-7.8444, 2.0478, 6.5115)
25236441300,25.284670,RoomWall_2 (81),(-7.8444, 2.0461, 6.5163)
25249865600,25.298490,RoomWall_2 (81),(-7.8444, 2.0440, 6.5218)
25264357300,25.312600,RoomWall_2 (81),(-7.8444, 2.0422, 6.5272)
25278379100,25.326660,RoomWall_2 (81),(-7.8444, 2.0414, 6.5331)
25292318200,25.340560,RoomWall_2 (81),(-7.8444, 2.0410, 6.5383)
25310424400,25.359040,RoomWall_2 (81),(-7.8444, 2.0410, 6.5425)
25319975300,25.368250,RoomWall_2 (81),(-7.8444, 2.0407, 6.5462)
25334570100,25.382790,RoomWall_2 (81),(-7.8444, 2.0394, 6.5503)
25347426000,25.396050,RoomWall_2 (81),(-7.8444, 2.0389, 6.5534)
25361845200,25.410090,RoomWall_2 (81),(-7.8444, 2.0385, 6.5555)
25375718300,25.423970,RoomWall_2 (81),(-7.8444, 2.0376, 6.5572)
25388927100,25.437570,RoomWall_2 (81),(-7.8444, 2.0367, 6.5585)
25403722000,25.451970,RoomWall_2 (81),(-7.8444, 2.0342, 6.5589)
25417173500,25.465450,RoomWall_2 (81),(-7.8444, 2.0312, 6.5583)
25431269100,25.479890,RoomWall_2 (81),(-7.8444, 2.0283, 6.5583)
25445131600,25.493390,RoomWall_2 (81),(-7.8444, 2.0263, 6.5581)
25458868300,25.507120,RoomWall_2 (81),(-7.8444, 2.0225, 6.5586)
25472591200,25.520930,RoomWall_2 (81),(-7.8444, 2.0177, 6.5577)
25486406100,25.535060,RoomWall_2 (81),(-7.8444, 2.0114, 6.5566)
25500795900,25.549080,RoomWall_2 (81),(-7.8444, 2.0048, 6.5549)
25519267200,25.567430,Receptionist,(-5.2466, 1.7485, 6.3972)
25528222600,25.576870,Receptionist,(-5.2303, 1.7448, 6.3961)
25542994200,25.591170,Receptionist,(-5.2202, 1.7420, 6.3952)
25557089800,25.605310,Receptionist,(-5.2127, 1.7395, 6.3949)
25569750700,25.618440,Receptionist,(-5.2062, 1.7372, 6.3944)
25584764500,25.632970,Receptionist,(-5.2004, 1.7350, 6.3937)
25598049300,25.646340,Receptionist,(-5.1987, 1.7345, 6.3932)
25612628600,25.660910,Receptionist,(-5.1966, 1.7336, 6.3930)
25625759600,25.674370,Receptionist,(-5.1961, 1.7335, 6.3928)
25640210100,25.688430,Receptionist,(-5.1956, 1.7334, 6.3924)
25654148800,25.702430,Receptionist,(-5.1950, 1.7332, 6.3924)
25667415400,25.716050,Receptionist,(-5.1947, 1.7332, 6.3919)
25682030200,25.730270,Receptionist,(-5.1969, 1.7342, 6.3919)
25695723500,25.744020,Receptionist,(-5.1986, 1.7351, 6.3916)
25709655800,25.758300,Receptionist,(-5.2015, 1.7364, 6.3914)
25728850800,25.777060,Receptionist,(-5.2055, 1.7382, 6.3909)
25737705600,25.785950,Receptionist,(-5.2099, 1.7400, 6.3907)
25752140300,25.800310,Receptionist,(-5.2152, 1.7421, 6.3903)
25764884300,25.813510,Receptionist,(-5.2206, 1.7441, 6.3899)
25779787700,25.827950,Receptionist,(-5.2263, 1.7461, 6.3892)
25793236800,25.841500,Receptionist,(-5.2341, 1.7485, 6.3887)
25807118300,25.855720,Receptionist,(-5.2464, 1.7516, 6.3884)
25820764600,25.868940,RoomWall_2 (81),(-7.8444, 2.0123, 6.5228)
25834687700,25.882960,RoomWall_2 (81),(-7.8444, 2.0157, 6.5197)
25848197400,25.896820,RoomWall_2 (81),(-7.8444, 2.0192, 6.5177)
25862870700,25.911080,RoomWall_2 (81),(-7.8444, 2.0230, 6.5161)
25876934200,25.925170,RoomWall_2 (81),(-7.8444, 2.0269, 6.5151)
25890214500,25.938830,RoomWall_2 (81),(-7.8444, 2.0311, 6.5138)
25904749800,25.952840,RoomWall_2 (81),(-7.8444, 2.0351, 6.5127)
25918697500,25.966920,RoomWall_2 (81),(-7.8444, 2.0385, 6.5112)
25937210200,25.985440,RoomWall_2 (81),(-7.8444, 2.0405, 6.5092)
25946110500,25.994750,RoomWall_2 (81),(-7.8444, 2.0418, 6.5070)
25960013600,26.008260,RoomWall_2 (81),(-7.8444, 2.0427, 6.5047)
25974128100,26.022260,RoomWall_2 (81),(-7.8444, 2.0440, 6.5019)
25987503600,26.036160,RoomWall_2 (81),(-7.8444, 2.0446, 6.4987)
26001752300,26.049990,RoomWall_2 (81),(-7.8444, 2.0459, 6.4953)
26015655400,26.063960,RoomWall_2 (81),(-7.8444, 2.0477, 6.4914)
26029296600,26.077960,RoomWall_2 (81),(-7.8444, 2.0486, 6.4875)
26043692300,26.091960,RoomWall_2 (81),(-7.8444, 2.0503, 6.4838)
26057497200,26.105790,RoomWall_2 (81),(-7.8444, 2.0526, 6.4788)
26071303600,26.119960,RoomWall_2 (81),(-7.8444, 2.0559, 6.4736)
26085693600,26.133970,RoomWall_2 (81),(-7.8444, 2.0598, 6.4664)
26099218300,26.147510,RoomWall_2 (81),(-7.8444, 2.0635, 6.4596)
26113141200,26.161450,RoomWall_2 (81),(-7.8444, 2.0674, 6.4512)
26126833300,26.175490,RoomWall_2 (81),(-7.8444, 2.0703, 6.4437)
26145964500,26.194210,RoomWall_2 (81),(-7.8444, 2.0726, 6.4338)
26155136400,26.203450,RoomWall_2 (81),(-7.8444, 2.0758, 6.4252)
26168600300,26.217250,RoomWall_2 (81),(-7.8444, 2.0788, 6.4165)
26183304600,26.231410,RoomWall_2 (81),(-7.8444, 2.0814, 6.4070)
26197054500,26.245250,RoomWall_2 (81),(-7.8444, 2.0826, 6.3986)
26210366600,26.259010,RoomWall_2 (81),(-7.8444, 2.0822, 6.3914)
26225222400,26.273480,RoomWall_2 (81),(-7.8444, 2.0803, 6.3848)
26238653000,26.286850,RoomWall_2 (81),(-7.8444, 2.0784, 6.3785)
26252502400,26.300840,RoomWall_2 (81),(-7.8444, 2.0779, 6.3724)
26266210400,26.314800,RoomWall_2 (81),(-7.8444, 2.0776, 6.3665)
26280354200,26.328680,RoomWall_2 (81),(-7.8444, 2.0774, 6.3620)
26294291300,26.342560,RoomWall_2 (81),(-7.8444, 2.0760, 6.3568)
26310518900,26.359050,RoomWall_2 (81),(-7.8444, 2.0746, 6.3527)
26322005500,26.370270,RoomWall_2 (81),(-7.8444, 2.0721, 6.3480)
26335992500,26.384300,RoomWall_2 (81),(-7.8444, 2.0699, 6.3429)
26354885000,26.403130,RoomWall_2 (81),(-7.8444, 2.0672, 6.3375)
26363733500,26.412370,RoomWall_2 (81),(-7.8444, 2.0664, 6.3328)
26377818000,26.426120,RoomWall_2 (81),(-7.8444, 2.0682, 6.3289)
26391742800,26.440030,RoomWall_2 (81),(-7.8444, 2.0703, 6.3251)
26405382400,26.454020,RoomWall_2 (81),(-7.8444, 2.0719, 6.3216)
26419543300,26.467830,RoomWall_2 (81),(-7.8444, 2.0719, 6.3177)
26433539800,26.481830,RoomWall_2 (81),(-7.8444, 2.0716, 6.3137)
26447417200,26.496060,RoomWall_2 (81),(-7.8444, 2.0720, 6.3101)
26461433900,26.509730,RoomWall_2 (81),(-7.8444, 2.0736, 6.3101)
26475509000,26.523750,RoomWall_2 (81),(-7.8444, 2.0752, 6.3098)
26488994300,26.537640,RoomWall_2 (81),(-7.8444, 2.0796, 6.3122)
26503310600,26.551530,RoomWall_2 (81),(-7.8444, 2.0845, 6.3124)
26517512400,26.565760,RoomWall_2 (81),(-7.8444, 2.0895, 6.3140)
26531014600,26.579630,RoomWall_2 (81),(-7.8444, 2.0950, 6.3162)
26545198600,26.593410,RoomWall_2 (81),(-7.8444, 2.1008, 6.3188)
26564197500,26.612420,RoomWall_2 (81),(-7.8444, 2.1052, 6.3233)
26573365700,26.621650,RoomWall_2 (81),(-7.8444, 2.1100, 6.3263)
26586861600,26.635430,RoomWall_2 (81),(-7.8444, 2.1145, 6.3299)
26600651800,26.648860,RoomWall_2 (81),(-7.8444, 2.1193, 6.3353)
26614646100,26.662950,RoomWall_2 (81),(-7.8444, 2.1232, 6.3419)
26628729600,26.677200,RoomWall_2 (81),(-7.8444, 2.1288, 6.3470)
26642636400,26.690860,RoomWall_2 (81),(-7.8444, 2.1334, 6.3518)
26656594800,26.704810,RoomWall_2 (81),(-7.8444, 2.1393, 6.3571)
26670110100,26.718720,RoomWall_2 (81),(-7.8444, 2.1441, 6.3625)
26684474300,26.732690,RoomWall_2 (81),(-7.8444, 2.1495, 6.3681)
26698162100,26.746420,RoomWall_2 (81),(-7.8444, 2.1532, 6.3741)
26711952300,26.760210,RoomWall_2 (81),(-7.8444, 2.1568, 6.3802)
26725800500,26.774440,RoomWall_2 (81),(-7.8444, 2.1604, 6.3852)
26740073000,26.788240,RoomWall_2 (81),(-7.8444, 2.1631, 6.3905)
26754765700,26.802750,RoomWall_2 (81),(-7.8444, 2.1660, 6.3954)
26772928500,26.821150,RoomWall_2 (81),(-7.8444, 2.1692, 6.4017)
26781575600,26.830090,RoomWall_2 (81),(-7.8444, 2.1715, 6.4067)
26795642800,26.843890,RoomWall_2 (81),(-7.8444, 2.1738, 6.4133)
26809198200,26.857850,RoomWall_2 (81),(-7.8444, 2.1764, 6.4190)
26823319600,26.871560,RoomWall_2 (81),(-7.8444, 2.1780, 6.4247)
26837769700,26.885940,RoomWall_2 (81),(-7.8444, 2.1812, 6.4302)
26851038800,26.899710,RoomWall_2 (81),(-7.8444, 2.1840, 6.4366)
26865292700,26.913560,RoomWall_2 (81),(-7.8444, 2.1875, 6.4422)
26879275600,26.927600,RoomWall_2 (81),(-7.8444, 2.1913, 6.4482)
26893103800,26.941440,RoomWall_2 (81),(-7.8444, 2.1951, 6.4525)
26906760900,26.955420,RoomWall_2 (81),(-7.8444, 2.1971, 6.4578)
26920887000,26.969150,RoomWall_2 (81),(-7.8444, 2.1991, 6.4618)
26934998100,26.983330,RoomWall_2 (81),(-7.8444, 2.2000, 6.4654)
26948493000,26.997160,RoomWall_2 (81),(-7.8444, 2.2000, 6.4688)
26962816500,27.011020,RoomWall_2 (81),(-7.8444, 2.1986, 6.4710)
26982128100,27.030370,RoomWall_2 (81),(-7.8444, 2.1971, 6.4741)
26990225200,27.038870,RoomWall_2 (81),(-7.8444, 2.1947, 6.4774)
27004763400,27.053040,RoomWall_2 (81),(-7.8444, 2.1925, 6.4817)
27018363600,27.066680,RoomWall_2 (81),(-7.8444, 2.1904, 6.4855)
27032443700,27.080760,RoomWall_2 (81),(-7.8444, 2.1888, 6.4896)
27046548500,27.095170,RoomWall_2 (81),(-7.8444, 2.1880, 6.4931)
27060112800,27.108370,RoomWall_2 (81),(-7.8444, 2.1906, 6.4961)
27074095200,27.122310,RoomWall_2 (81),(-7.8444, 2.1908, 6.4988)
27087793600,27.136450,RoomWall_2 (81),(-7.8444, 2.1931, 6.4995)
27101845900,27.150120,RoomWall_2 (81),(-7.8444, 2.1950, 6.5016)
27115721800,27.164030,RoomWall_2 (81),(-7.8444, 2.1952, 6.5043)
27129615900,27.178260,RoomWall_2 (81),(-7.8444, 2.1930, 6.5073)
27143879700,27.192140,RoomWall_2 (81),(-7.8444, 2.1859, 6.5094)
27157743900,27.206050,RoomWall_2 (81),(-7.8444, 2.1773, 6.5123)
27171313500,27.219980,RoomWall_2 (81),(-7.8444, 2.1691, 6.5166)
27190519800,27.238780,RoomWall_2 (81),(-7.8444, 2.1615, 6.5206)
27199327700,27.247670,RoomWall_2 (81),(-7.8444, 2.1558, 6.5256)
27213453600,27.261690,RoomWall_2 (81),(-7.8444, 2.1513, 6.5317)
27227053000,27.275710,RoomWall_2 (81),(-7.8444, 2.1473, 6.5381)
27241310800,27.289580,RoomWall_2 (81),(-7.8444, 2.1440, 6.5448)
27255086400,27.303380,RoomWall_2 (81),(-7.8444, 2.1401, 6.5508)
27268724100,27.317360,RoomWall_2 (81),(-7.8444, 2.1369, 6.5586)
27283126500,27.331360,RoomWall_2 (81),(-7.8444, 2.1328, 6.5668)
27297082500,27.345370,RoomWall_2 (81),(-7.8444, 2.1319, 6.5755)
27310795300,27.359430,RoomWall_2 (81),(-7.8444, 2.1304, 6.5861)
27325053500,27.373300,RoomWall_2 (81),(-7.8444, 2.1302, 6.5977)
27338861400,27.387060,RoomWall_2 (81),(-7.8444, 2.1300, 6.6097)
27352586200,27.400880,RoomWall_2 (81),(-7.8444, 2.1301, 6.6226)
27366242700,27.414880,RoomWall_2 (81),(-7.8444, 2.1309, 6.6383)
27380414100,27.428710,RoomWall_2 (81),(-7.8444, 2.1324, 6.6549)
27399381700,27.447660,RoomWall_2 (81),(-7.8444, 2.1336, 6.6719)
27407933900,27.456560,RoomWall_2 (81),(-7.8444, 2.1335, 6.6905)
27422249800,27.470530,RoomWall_2 (81),(-7.8444, 2.1337, 6.7091)
27436057800,27.484330,RoomWall_2 (81),(-7.8444, 2.1339, 6.7291)
27449695900,27.498360,RoomWall_2 (81),(-7.8444, 2.1344, 6.7498)
27464275700,27.512480,RoomWall_2 (81),(-7.8444, 2.1341, 6.7710)
27477948200,27.526220,RoomWall_2 (81),(-7.8444, 2.1340, 6.7912)
27492197300,27.540400,RoomWall_2 (81),(-7.8444, 2.1341, 6.8120)
27505678500,27.554310,RoomWall_2 (81),(-7.8444, 2.1323, 6.8318)
27519848900,27.568030,RoomWall_2 (81),(-7.8444, 2.1285, 6.8503)
27533633900,27.581880,RoomWall_2 (81),(-7.8444, 2.1228, 6.8684)
27548112400,27.596680,RoomWall_2 (81),(-7.8444, 2.1153, 6.8887)
27561636200,27.609930,RoomWall_2 (81),(-7.8444, 2.1090, 6.9102)
27576063800,27.624270,RoomWall_2 (81),(-7.8444, 2.1049, 6.9339)
27589554500,27.638170,RoomWall_2 (81),(-7.8444, 2.1007, 6.9547)
27609802600,27.657980,RoomWall_2 (81),(-7.8444, 2.1021, 6.9814)
27618340900,27.666370,RoomWall_2 (81),(-7.8444, 2.1019, 7.0043)
27630653800,27.679300,RoomWall_2 (81),(-7.8444, 2.1023, 7.0294)
27644790900,27.693040,RoomWall_2 (81),(-7.8444, 2.1003, 7.0534)
27658935500,27.707080,RoomWall_2 (81),(-7.8444, 2.0994, 7.0775)
27672683400,27.720990,RoomWall_2 (81),(-7.8444, 2.0997, 7.1022)
27686710700,27.735220,O1_Q,(-4.3579, 1.6785, 6.4248)
27700671600,27.748920,O1_Q,(-4.3572, 1.6783, 6.4282)
27714609500,27.762820,O1_Q,(-4.3569, 1.6782, 6.4309)
27729059900,27.777700,O1_Q,(-4.3570, 1.6780, 6.4338)
27742298300,27.790550,O1_Q,(-4.3563, 1.6777, 6.4359)
27756224600,27.804520,O1_Q,(-4.3560, 1.6773, 6.4381)
27769647000,27.818280,O1_Q,(-4.3561, 1.6769, 6.4403)
27784234300,27.832450,O1_Q,(-4.3554, 1.6766, 6.4420)
27797905300,27.846210,O1_Q,(-4.3550, 1.6764, 6.4439)
27819434000,27.867480,O1_Q,(-4.3548, 1.6764, 6.4455)
27827485800,27.876110,O1_Q,(-4.3548, 1.6765, 6.4475)
27839283300,27.887610,O1_Q,(-4.3542, 1.6764, 6.4494)
27853170400,27.901480,O1_Q,(-4.3539, 1.6764, 6.4515)
27867037900,27.915670,O1_Q,(-4.3540, 1.6764, 6.4538)
27881152400,27.929410,O1_Q,(-4.3531, 1.6756, 6.4561)
27895335200,27.943480,O1_Q,(-4.3525, 1.6749, 6.4588)
27908556000,27.957210,O1_Q,(-4.3526, 1.6745, 6.4617)
27923260700,27.971420,O1_Q,(-4.3514, 1.6742, 6.4645)
27937073600,27.985330,O1_Q,(-4.3508, 1.6744, 6.4673)
27950706500,27.999370,O1_Q,(-4.3509, 1.6758, 6.4706)
27965240600,28.013470,O1_Q,(-4.3497, 1.6777, 6.4734)
27979490500,28.027680,O1_Q,(-4.3491, 1.6805, 6.4765)
27992510300,28.040840,O1_Q,(-4.3487, 1.6843, 6.4794)
28006452600,28.055110,O1_Q,(-4.3488, 1.6878, 6.4827)
28025700700,28.073990,O1_Q,(-4.3476, 1.6924, 6.4854)
28034568700,28.082810,O1_Q,(-4.3469, 1.6961, 6.4882)
28048093700,28.096740,O1_Q,(-4.3470, 1.6998, 6.4912)
28062405400,28.110640,O1_Q,(-4.3456, 1.7027, 6.4938)
28076614300,28.124820,O1_Q,(-4.3449, 1.7053, 6.4962)
28090499500,28.139100,O1_Q,(-4.3450, 1.7081, 6.4988)
28104119000,28.152370,O1_Q,(-4.3437, 1.7106, 6.5011)
28118058400,28.166310,O1_Q,(-4.3430, 1.7132, 6.5034)
28131951800,28.180270,O1_Q,(-4.3423, 1.7158, 6.5059)
28145703000,28.194340,O1_Q,(-4.3424, 1.7189, 6.5088)
28159686300,28.207990,O1_Q,(-4.3411, 1.7221, 6.5112)
28174078600,28.222380,O1_Q,(-4.3406, 1.7260, 6.5138)
28187405500,28.236060,O1_Q,(-4.3407, 1.7306, 6.5166)
28201482100,28.249770,O1_Q,(-4.3398, 1.7347, 6.5190)
28215676800,28.263930,O1_Q,(-4.3394, 1.7386, 6.5214)
28234757400,28.283040,O1_Q,(-4.3391, 1.7420, 6.5232)
28243207400,28.291830,O1_Q,(-4.3391, 1.7449, 6.5253)
28257296800,28.305590,O1_Q,(-4.3385, 1.7476, 6.5267)
28270827300,28.319480,O1_Q,(-4.3385, 1.7499, 6.5280)
28286104000,28.334220,O1_Q,(-4.3380, 1.7521, 6.5294)
28298983500,28.347270,O1_Q,(-4.3378, 1.7539, 6.5309)
28313002900,28.361300,O1_Q,(-4.3376, 1.7553, 6.5322)
28326640600,28.375290,O1_Q,(-4.3377, 1.7558, 6.5328)
28340979900,28.389310,O1_Q,(-4.3373, 1.7560, 6.5333)
28354790400,28.403070,O1_Q,(-4.3372, 1.7559, 6.5332)
28368392900,28.417060,O1_Q,(-4.3372, 1.7566, 6.5337)
28382665900,28.430900,O1_Q,(-4.3369, 1.7567, 6.5335)
28396592600,28.444870,O1_Q,(-4.3370, 1.7567, 6.5331)
28410385000,28.459030,O1_Q,(-4.3370, 1.7565, 6.5330)
28424607200,28.472860,O1_Q,(-4.3372, 1.7556, 6.5329)
28443601000,28.491820,O1_Q,(-4.3374, 1.7546, 6.5328)
28452147500,28.500460,O1_Q,(-4.3376, 1.7536, 6.5327)
28466210200,28.514810,O1_Q,(-4.3376, 1.7526, 6.5326)
28480081900,28.528390,O1_Q,(-4.3378, 1.7518, 6.5325)
28494710800,28.542910,O1_Q,(-4.3380, 1.7508, 6.5325)
28507715500,28.556350,O1_Q,(-4.3380, 1.7497, 6.5321)
28522460500,28.570610,O1_Q,(-4.3383, 1.7484, 6.5317)
28539545000,28.587690,O1_Q,(-4.3385, 1.7471, 6.5315)
28552943300,28.601070,O1_Q,(-4.3386, 1.7459, 6.5308)
28566241200,28.614820,O1_Q,(-4.3386, 1.7450, 6.5306)
28580994500,28.629210,O1_Q,(-4.3392, 1.7447, 6.5302)
28594799800,28.643050,O1_Q,(-4.3395, 1.7439, 6.5299)
28608591700,28.657130,O1_Q,(-4.3395, 1.7447, 6.5292)
28622439000,28.670560,O1_Q,(-4.3401, 1.7451, 6.5285)
28636964700,28.685110,O1_Q,(-4.3403, 1.7455, 6.5275)
28656219000,28.704370,O1_Q,(-4.3406, 1.7464, 6.5260)
28688634200,28.736650,O1_Q,(-4.3409, 1.7489, 6.5240)
28706053100,28.754010,O1_Q,(-4.3413, 1.7522, 6.5204)
28716075400,28.764350,O1_Q,(-4.3420, 1.7554, 6.5166)
28730237000,28.778720,O1_Q,(-4.3419, 1.7570, 6.5140)
28744552400,28.792630,O1_Q,(-4.3431, 1.7589, 6.5120)
28758779800,28.806720,RoomWall_2 (81),(-7.8444, 2.6049, 7.7673)
28772412700,28.820510,RoomWall_2 (81),(-7.8444, 2.6115, 7.7547)
28785882500,28.834500,RoomWall_2 (81),(-7.8444, 2.6163, 7.7418)
28800213700,28.848440,RoomWall_2 (81),(-7.8444, 2.6169, 7.7290)
28814177100,28.862430,RoomWall_2 (81),(-7.8444, 2.6164, 7.7166)
28827543500,28.876180,RoomWall_2 (81),(-7.8444, 2.6164, 7.7048)
28841893100,28.890170,RoomWall_2 (81),(-7.8444, 2.6173, 7.6937)
28864916400,28.912910,RoomWall_2 (81),(-7.8444, 2.6192, 7.6817)
28883786600,28.932010,RoomWall_2 (81),(-7.8444, 2.6236, 7.6671)
28897479800,28.945710,RoomWall_2 (81),(-7.8444, 2.6345, 7.6418)
28911178200,28.959830,RoomWall_2 (81),(-7.8444, 2.6426, 7.6279)
28925458300,28.973700,RoomWall_2 (81),(-7.8444, 2.6534, 7.6136)
28939380300,28.987630,RoomWall_2 (81),(-7.8444, 2.6626, 7.5974)
28954232400,29.002250,RoomWall_2 (81),(-7.8444, 2.6754, 7.5819)
28967974100,29.016440,RoomWall_2 (81),(-7.8444, 2.6876, 7.5649)
28983293200,29.031400,RoomWall_2 (81),(-7.8444, 2.6987, 7.5478)
28994798100,29.042930,RoomWall_2 (81),(-7.8444, 2.7086, 7.5272)
29008208600,29.056880,RoomWall_2 (81),(-7.8444, 2.7104, 7.5056)
29022741900,29.070940,RoomWall_2 (81),(-7.8444, 2.7098, 7.4868)
29036838100,29.084960,RoomWall_2 (81),(-7.8444, 2.7072, 7.4664)
29050202800,29.098850,RoomWall_2 (81),(-7.8444, 2.6998, 7.4476)
29070627100,29.118830,RoomWall_2 (81),(-7.8444, 2.6929, 7.4279)
29078792800,29.127100,RoomWall_2 (81),(-7.8444, 2.6844, 7.4092)
29092541200,29.140730,RoomWall_2 (81),(-7.8444, 2.6760, 7.3920)
29106859600,29.155440,RoomWall_2 (81),(-7.8444, 2.6674, 7.3748)
29121080600,29.169310,RoomWall_2 (81),(-7.8444, 2.6589, 7.3591)
29134267800,29.182390,RoomWall_2 (81),(-7.8444, 2.6504, 7.3436)
29147664400,29.196310,RoomWall_2 (81),(-7.8444, 2.6424, 7.3282)
29162349100,29.210400,RoomWall_2 (81),(-7.8444, 2.6363, 7.3124)
29175920100,29.224200,RoomWall_2 (81),(-7.8444, 2.6310, 7.2973)
29189571900,29.238240,RoomWall_2 (81),(-7.8444, 2.6280, 7.2801)
29204286400,29.252380,RoomWall_2 (81),(-7.8444, 2.6279, 7.2646)
29217774600,29.266070,RoomWall_2 (81),(-7.8444, 2.6292, 7.2487)
29231886800,29.280150,RoomWall_2 (81),(-7.8444, 2.6317, 7.2334)
29245224500,29.293930,RoomWall_2 (81),(-7.8444, 2.6360, 7.2190)
29259768500,29.308070,RoomWall_2 (81),(-7.8444, 2.6401, 7.2044)
29278904000,29.327120,RoomWall_2 (81),(-7.8444, 2.6428, 7.1910)
29286986600,29.335660,RoomWall_2 (81),(-7.8444, 2.6436, 7.1787)
29301333200,29.349570,RoomWall_2 (81),(-7.8444, 2.6413, 7.1683)
29315798100,29.363890,RoomWall_2 (81),(-7.8444, 2.6352, 7.1584)
29329171200,29.377820,RoomWall_2 (81),(-7.8444, 2.6296, 7.1482)
29343186600,29.391380,RoomWall_2 (81),(-7.8444, 2.6194, 7.1413)
29357735200,29.406000,RoomWall_2 (81),(-7.8444, 2.6117, 7.1319)
29372067700,29.420200,RoomWall_2 (81),(-7.8444, 2.6059, 7.1228)
29385115600,29.433790,RoomWall_2 (81),(-7.8444, 2.6011, 7.1143)
29399636400,29.447770,O1_Q,(-4.3475, 1.7599, 6.3929)
29413554900,29.461790,O1_Q,(-4.3473, 1.7593, 6.3921)
29427418400,29.476050,O1_Q,(-4.3473, 1.7587, 6.3916)
29441426300,29.489410,RoomWall_2 (81),(-7.8444, 2.5870, 7.0910)
29455456700,29.503690,RoomWall_2 (81),(-7.8444, 2.5831, 7.0887)
29468545700,29.517170,RoomWall_2 (81),(-7.8444, 2.5789, 7.0854)
29488632300,29.536850,RoomWall_2 (81),(-7.8444, 2.5733, 7.0875)
29498267500,29.546180,RoomWall_2 (81),(-7.8444, 2.5700, 7.0890)
29510221200,29.558890,RoomWall_2 (81),(-7.8444, 2.5699, 7.0889)
29524549500,29.572810,RoomWall_2 (81),(-7.8444, 2.5704, 7.0866)
29538583600,29.586860,RoomWall_2 (81),(-7.8444, 2.5768, 7.0852)
29552445300,29.600730,RoomWall_2 (81),(-7.8444, 2.5877, 7.0808)
29566098600,29.614730,RoomWall_2 (81),(-7.8444, 2.5983, 7.0759)
29580059700,29.628360,RoomWall_2 (81),(-7.8444, 2.6071, 7.0734)
29594303400,29.642590,RoomWall_2 (81),(-7.8444, 2.6170, 7.0702)
29607764500,29.656410,RoomWall_2 (81),(-7.8444, 2.6232, 7.0661)
29622154500,29.670380,RoomWall_2 (81),(-7.8444, 2.6269, 7.0616)
29635793900,29.684170,RoomWall_2 (81),(-7.8444, 2.6326, 7.0564)
29649629300,29.698270,RoomWall_2 (81),(-7.8444, 2.6417, 7.0495)
29664010100,29.712190,RoomWall_2 (81),(-7.8444, 2.6553, 7.0384)
29677868300,29.726160,RoomWall_2 (81),(-7.8444, 2.6697, 7.0284)
29697377700,29.745610,RoomWall_2 (81),(-7.8444, 2.6838, 7.0204)
29705530500,29.754170,RoomWall_2 (81),(-7.8444, 2.6974, 7.0096)
29719547300,29.767800,RoomWall_2 (81),(-7.8444, 2.7088, 6.9975)
29733376000,29.781670,RoomWall_2 (81),(-7.8444, 2.7222, 6.9819)
29747181000,29.795830,RoomWall_2 (81),(-7.8444, 2.7352, 6.9646)
29761233000,29.809530,RoomWall_2 (81),(-7.8444, 2.7459, 6.9455)
29776047700,29.824210,RoomWall_2 (81),(-7.8444, 2.7547, 6.9274)
29789364300,29.838010,RoomWall_2 (81),(-7.8444, 2.7568, 6.9115)
29803316400,29.851560,RoomWall_2 (81),(-7.8444, 2.7559, 6.8995)
29817682900,29.865920,RoomWall_2 (81),(-7.8444, 2.7496, 6.8897)
29830875900,29.879490,RoomWall_2 (81),(-7.8444, 2.7388, 6.8871)
29844936200,29.893200,RoomWall_2 (81),(-7.8444, 2.7305, 6.8836)
29859027800,29.907290,RoomWall_2 (81),(-7.8444, 2.7211, 6.8811)
29872808900,29.921020,RoomWall_2 (81),(-7.8444, 2.7087, 6.8880)
29886303500,29.934950,RoomWall_2 (81),(-7.8444, 2.7029, 6.8932)
29906751200,29.954870,RoomWall_2 (81),(-7.8444, 2.7013, 6.8992)
29914908300,29.963190,RoomWall_2 (81),(-7.8444, 2.7073, 6.9110)
29928081100,29.976730,RoomWall_2 (81),(-7.8444, 2.7152, 6.9204)
29942287200,29.990540,RoomWall_2 (81),(-7.8444, 2.7294, 6.9293)
29956439400,30.004630,RoomWall_2 (81),(-7.8444, 2.7471, 6.9368)
29969804500,30.018470,RoomWall_2 (81),(-7.8444, 2.7637, 6.9431)
29985046200,30.033290,RoomWall_2 (81),(-7.8444, 2.7813, 6.9495)
29997860800,30.046150,RoomWall_2 (81),(-7.8444, 2.8013, 6.9566)
30012045600,30.060280,RoomWall_2 (81),(-7.8444, 2.8239, 6.9696)
30025858700,30.074500,RoomWall_2 (81),(-7.8444, 2.8495, 6.9880)
30039879900,30.088070,RoomWall_2 (81),(-7.8444, 2.8855, 7.0170)
30053515600,30.101760,RoomWall_2 (81),(-7.8444, 2.9289, 7.0533)
30067307900,30.115950,RoomWall_2 (81),(-7.8444, 2.9767, 7.0851)
30081204200,30.129480,RoomWall_2 (81),(-7.8444, 3.0288, 7.1132)
30095269300,30.143570,RoomWall_2 (81),(-7.8444, 3.0779, 7.1425)
30114991100,30.163230,RoomWall_2 (81),(-7.8444, 3.1173, 7.1755)
30122942200,30.171410,Ceiling (378),(-7.8163, 3.1390, 7.2002)
30137019300,30.185280,Ceiling (378),(-7.7790, 3.1390, 7.2235)
30151350900,30.199920,Ceiling (378),(-7.7773, 3.1390, 7.2582)
30165042600,30.213320,Ceiling (378),(-7.7984, 3.1390, 7.3064)
30178611300,30.226920,Ceiling (378),(-7.8422, 3.1390, 7.3627)
30192819000,30.241030,RoomWall_2 (81),(-7.8444, 3.1180, 7.4145)
30206454100,30.255080,RoomWall_2 (81),(-7.8444, 3.0700, 7.4690)
30220698500,30.269000,RoomWall_2 (81),(-7.8444, 3.0209, 7.5239)
30234477700,30.282770,RoomWall_2 (81),(-7.8444, 2.9603, 7.5796)
30248268000,30.296890,RoomWall_2 (81),(-7.8444, 2.8996, 7.6335)
30262406000,30.310670,RoomWall_2 (81),(-7.8444, 2.8379, 7.6855)
30276409100,30.324720,RoomWall_2 (81),(-7.8444, 2.7860, 7.7347)
30289912200,30.338590,RoomWall_2 (81),(-7.8444, 2.7403, 7.7822)
30304293400,30.352560,RoomWall_2 (81),(-7.8444, 2.7031, 7.8254)
30323861700,30.372100,RoomWall_2 (81),(-7.8444, 2.6707, 7.8623)
30332277600,30.380600,RoomWall_2 (81),(-7.8444, 2.6456, 7.8934)
30345766300,30.394450,RoomWall_2 (81),(-7.8444, 2.6226, 7.9164)
30360010300,30.408340,RoomWall_2 (81),(-7.8444, 2.6048, 7.9379)
30374236000,30.422470,RoomWall_2 (81),(-7.8444, 2.5888, 7.9549)
30387484500,30.436130,RoomWall_2 (81),(-7.8444, 2.5798, 7.9637)
30401549300,30.449830,RoomWall_2 (81),(-7.8444, 2.5719, 7.9764)
30415709600,30.463940,RoomWall_2 (81),(-7.8444, 2.5653, 7.9856)
30429352200,30.477980,RoomWall_2 (81),(-7.8444, 2.5596, 7.9934)
30443569700,30.491810,RoomWall_2 (81),(-7.8444, 2.5547, 8.0000)
30457600300,30.505870,RoomWall_2 (81),(-7.8444, 2.5494, 8.0071)
30471179600,30.519830,RoomWall_2 (81),(-7.8444, 2.5474, 8.0084)
30485437200,30.533720,RoomWall_2 (81),(-7.8444, 2.5438, 8.0115)
30499285600,30.547590,RoomWall_2 (81),(-7.8444, 2.5395, 8.0141)
30513209600,30.561520,RoomWall_2 (81),(-7.8444, 2.5347, 8.0168)
30533014000,30.581290,RoomWall_2 (81),(-7.8444, 2.5267, 8.0208)
30540464900,30.589140,RoomWall_2 (81),(-7.8444, 2.5180, 8.0263)
30555125100,30.603350,RoomWall_2 (81),(-7.8444, 2.5091, 8.0295)
30568969000,30.617580,RoomWall_2 (81),(-7.8444, 2.5014, 8.0342)
30583076600,30.631320,RoomWall_2 (81),(-7.8444, 2.4943, 8.0392)
30596777200,30.644980,RoomWall_2 (81),(-7.8444, 2.4896, 8.0428)
30610296000,30.658960,RoomWall_2 (81),(-7.8444, 2.4843, 8.0447)
30624849800,30.673020,RoomWall_2 (81),(-7.8444, 2.4817, 8.0459)
30638391700,30.686720,RoomWall_2 (81),(-7.8444, 2.4783, 8.0452)
30652520800,30.700690,RoomWall_2 (81),(-7.8444, 2.4761, 8.0460)
30665858400,30.714510,RoomWall_2 (81),(-7.8444, 2.4746, 8.0445)
30680287900,30.728580,RoomWall_2 (81),(-7.8444, 2.4733, 8.0416)
30694661700,30.742870,RoomWall_2 (81),(-7.8444, 2.4725, 8.0370)
30708095900,30.756740,RoomWall_2 (81),(-7.8444, 2.4743, 8.0300)
30722076800,30.770330,RoomWall_2 (81),(-7.8444, 2.4775, 8.0212)
30742208200,30.790410,RoomWall_2 (81),(-7.8444, 2.4813, 8.0102)
30749869000,30.798540,RoomWall_2 (81),(-7.8444, 2.4866, 7.9988)
30764049000,30.812230,RoomWall_2 (81),(-7.8444, 2.4932, 7.9849)
30777697600,30.825920,RoomWall_2 (81),(-7.8444, 2.5003, 7.9703)
30791328000,30.839930,RoomWall_2 (81),(-7.8444, 2.5051, 7.9544)
30805833100,30.854070,RoomWall_2 (81),(-7.8444, 2.5035, 7.9404)
30819296700,30.867560,RoomWall_2 (81),(-7.8444, 2.4981, 7.9272)
30833251800,30.881520,RoomWall_2 (81),(-7.8444, 2.4869, 7.9147)
30846864100,30.895510,RoomWall_2 (81),(-7.8444, 2.4705, 7.9027)
30860835100,30.909160,RoomWall_2 (81),(-7.8444, 2.4541, 7.8910)
30875230700,30.923520,RoomWall_2 (81),(-7.8444, 2.4395, 7.8818)
30888625600,30.937300,RoomWall_2 (81),(-7.8444, 2.4266, 7.8747)
30902531800,30.950840,RoomWall_2 (81),(-7.8444, 2.4164, 7.8702)
30916902700,30.965110,RoomWall_2 (81),(-7.8444, 2.4087, 7.8670)
30930484400,30.979150,RoomWall_2 (81),(-7.8444, 2.4023, 7.8631)
30950526200,30.998750,RoomWall_2 (81),(-7.8444, 2.3974, 7.8628)
30958477300,31.006770,RoomWall_2 (81),(-7.8444, 2.3920, 7.8608)
30972074000,31.020410,RoomWall_2 (81),(-7.8444, 2.3868, 7.8617)
30985885300,31.034540,RoomWall_2 (81),(-7.8444, 2.3811, 7.8644)
31000220000,31.048490,RoomWall_2 (81),(-7.8444, 2.3755, 7.8723)
31014056000,31.062370,RoomWall_2 (81),(-7.8444, 2.3689, 7.8786)
31027597400,31.076240,RoomWall_2 (81),(-7.8444, 2.3605, 7.8867)
31042323000,31.090300,RoomWall_2 (81),(-7.8444, 2.3523, 7.8941)
31056072800,31.104300,RoomWall_2 (81),(-7.8444, 2.3430, 7.9060)
31069278300,31.117930,RoomWall_2 (81),(-7.8444, 2.3328, 7.9176)
31084014100,31.132260,RoomWall_2 (81),(-7.8444, 2.3168, 7.9364)
31097633700,31.145890,RoomWall_2 (81),(-7.8444, 2.2983, 7.9547)
31111474800,31.159980,RoomWall_2 (81),(-7.8444, 2.2750, 7.9757)
31125433400,31.173660,RoomWall_2 (81),(-7.8444, 2.2485, 7.9975)
31139114600,31.187420,RoomWall_2 (81),(-7.8444, 2.2223, 8.0185)
31159466500,31.207670,RoomWall_2 (81),(-7.8444, 2.1989, 8.0366)
31166788400,31.215440,RoomWall_2 (81),(-7.8444, 2.1791, 8.0527)
31180845900,31.229080,RoomWall_2 (81),(-7.8444, 2.1630, 8.0665)
31194586800,31.242910,RoomWall_2 (81),(-7.8444, 2.1522, 8.0744)
31208496900,31.257010,TY_Q,(-4.3591, 1.6887, 6.5597)
31222849700,31.271070,TY_Q,(-4.3577, 1.6882, 6.5597)
31236578400,31.284820,TY_Q,(-4.3569, 1.6880, 6.5590)
31250312000,31.298950,TY_Q,(-4.3569, 1.6877, 6.5584)
31264842200,31.313060,TY_Q,(-4.3551, 1.6876, 6.5560)
31278206300,31.326500,TY_Q,(-4.3542, 1.6877, 6.5537)
31292229100,31.340530,TY_Q,(-4.3532, 1.6885, 6.5502)
31306040300,31.354560,RoomWall_2 (81),(-7.8444, 2.1535, 8.0057)
31320217400,31.368420,RoomWall_2 (81),(-7.8444, 2.1621, 7.9788)
31333950800,31.382230,RoomWall_2 (81),(-7.8444, 2.1713, 7.9532)
31347641300,31.396300,RoomWall_2 (81),(-7.8444, 2.1830, 7.9254)
31367910900,31.416140,RoomWall_2 (81),(-7.8444, 2.1921, 7.8973)
31375863400,31.424180,RoomWall_2 (81),(-7.8444, 2.1991, 7.8656)
31389404000,31.438060,RoomWall_2 (81),(-7.8444, 2.2077, 7.8382)
31403799500,31.452070,RoomWall_2 (81),(-7.8444, 2.2178, 7.8055)
31418181600,31.466440,RoomWall_2 (81),(-7.8444, 2.2304, 7.7733)
31431186000,31.479840,RoomWall_2 (81),(-7.8444, 2.2425, 7.7392)
31445518900,31.493790,RoomWall_2 (81),(-7.8444, 2.2528, 7.7057)
31459326700,31.507640,RoomWall_2 (81),(-7.8444, 2.2584, 7.6714)
31473404900,31.521650,RoomWall_2 (81),(-7.8444, 2.2627, 7.6361)
31486886400,31.535540,RoomWall_2 (81),(-7.8444, 2.2650, 7.6000)
31500931200,31.549200,RoomWall_2 (81),(-7.8444, 2.2702, 7.5673)
31514962000,31.563240,RoomWall_2 (81),(-7.8444, 2.2779, 7.5354)
